Mes,Localidad,Cantidad,Actividad,Canalizadas a las areas de:
Enero,ACUATLA,,PERSONAS ATENDIDAS POR LOCALIDAD,
Enero,AHUAYO,5,PERSONAS ATENDIDAS POR LOCALIDAD,
Enero,ÁLAMO,5,PERSONAS ATENDIDAS POR LOCALIDAD,
Enero,AMIXCO,4,PERSONAS ATENDIDAS POR LOCALIDAD,
Enero,ARROYO BLANCO,5,PERSONAS ATENDIDAS POR LOCALIDAD,
Enero,ARROYO DE ACAXTLA,,PERSONAS ATENDIDAS POR LOCALIDAD,
Enero,BUENA VISTA,2,PERSONAS ATENDIDAS POR LOCALIDAD,
Enero,CAHUAZAS,12,PERSONAS ATENDIDAS POR LOCALIDAD,
Enero,CARRIZAL DE TENANGO,1,PERSONAS ATENDIDAS POR LOCALIDAD,
Enero,CARRIZAL DEL SOTANO,2,PERSONAS ATENDIDAS POR LOCALIDAD,
Enero,EL AMOLAR,5,PERSONAS ATENDIDAS POR LOCALIDAD,
Enero,EL BANCO,4,PERSONAS ATENDIDAS POR LOCALIDAD,
Enero,EL BARRIO,7,PERSONAS ATENDIDAS POR LOCALIDAD,
Enero,EL CAMPANARIO,1,PERSONAS ATENDIDAS POR LOCALIDAD,
Enero,EL CAPULÍN,4,PERSONAS ATENDIDAS POR LOCALIDAD,
Enero,EL COYOL,5,PERSONAS ATENDIDAS POR LOCALIDAD,
Enero,EL HUALUL,1,PERSONAS ATENDIDAS POR LOCALIDAD,
Enero,EL LIMONCITO,8,PERSONAS ATENDIDAS POR LOCALIDAD,
Enero,EL OCOTE,5,PERSONAS ATENDIDAS POR LOCALIDAD,
Enero,EL PESCADO,4,PERSONAS ATENDIDAS POR LOCALIDAD,
Enero,EL SABINO,2,PERSONAS ATENDIDAS POR LOCALIDAD,
Enero,EL SOTANO,5,PERSONAS ATENDIDAS POR LOCALIDAD,
Enero,EL ZACATAL,24,PERSONAS ATENDIDAS POR LOCALIDAD,
Enero,HUATEPANGO,2,PERSONAS ATENDIDAS POR LOCALIDAD,
Enero,IGLESIA VIEJA,6,PERSONAS ATENDIDAS POR LOCALIDAD,
Enero,LA CEIBA,1,PERSONAS ATENDIDAS POR LOCALIDAD,
Enero,,,PERSONAS ATENDIDAS POR LOCALIDAD,
Enero,LA CEIBITA,2,PERSONAS ATENDIDAS POR LOCALIDAD,
Enero,LA ESCONDIDA,1,PERSONAS ATENDIDAS POR LOCALIDAD,
Enero,LA ESTANCIA,3,PERSONAS ATENDIDAS POR LOCALIDAD,
Enero,LA GUAYABA,,PERSONAS ATENDIDAS POR LOCALIDAD,
Enero,LA HONDURA,1,PERSONAS ATENDIDAS POR LOCALIDAD,
Enero,LA JOYA DEL ZOPILOTE,1,PERSONAS ATENDIDAS POR LOCALIDAD,
Enero,LA LOMA,21,PERSONAS ATENDIDAS POR LOCALIDAD,
Enero,LA LOMITA,,PERSONAS ATENDIDAS POR LOCALIDAD,
Enero,LA MESA,5,PERSONAS ATENDIDAS POR LOCALIDAD,
Enero,LA PIEDRA,1,PERSONAS ATENDIDAS POR LOCALIDAD,
Enero,LA SIERRITA,2,PERSONAS ATENDIDAS POR LOCALIDAD,
Enero,LAS ANTENAS,2,PERSONAS ATENDIDAS POR LOCALIDAD,
Enero,LAS CAMPANAS,,PERSONAS ATENDIDAS POR LOCALIDAD,
Enero,LAS CIRUELAS,3,PERSONAS ATENDIDAS POR LOCALIDAD,
Enero,LAS GOLONDRINAS,,PERSONAS ATENDIDAS POR LOCALIDAD,
Enero,LAS MINAS,10,PERSONAS ATENDIDAS POR LOCALIDAD,
Enero,LOS NARANJOS,,PERSONAS ATENDIDAS POR LOCALIDAD,
Enero,MIAHUATLA,6,PERSONAS ATENDIDAS POR LOCALIDAD,
Enero,NEBLINAS,6,PERSONAS ATENDIDAS POR LOCALIDAD,
Enero,NUEVO COYOLAR,,PERSONAS ATENDIDAS POR LOCALIDAD,
Enero,OJO DE AGUA BO. ABAJO,9,PERSONAS ATENDIDAS POR LOCALIDAD,
Enero,OJO DE AGUA BO. ARRIBA,7,PERSONAS ATENDIDAS POR LOCALIDAD,
Enero,PALO SEMITA,5,PERSONAS ATENDIDAS POR LOCALIDAD,
Enero,PALO VERDE,5,PERSONAS ATENDIDAS POR LOCALIDAD,
Enero,PALOMAS,3,PERSONAS ATENDIDAS POR LOCALIDAD,
Enero,PARED GRUESA,2,PERSONAS ATENDIDAS POR LOCALIDAD,
Enero,PIEDRA ANCHA,1,PERSONAS ATENDIDAS POR LOCALIDAD,
Enero,PLAN DE GUADALUPE,6,PERSONAS ATENDIDAS POR LOCALIDAD,
Enero,PUERTO DEL AMOLAR,1,PERSONAS ATENDIDAS POR LOCALIDAD,
Enero,PUERTO DEL CABALLO,1,PERSONAS ATENDIDAS POR LOCALIDAD,
Enero,PUERTO DEL GALLO,,PERSONAS ATENDIDAS POR LOCALIDAD,
Enero,PUERTO OBSCURO,1,PERSONAS ATENDIDAS POR LOCALIDAD,
Enero,RANCHO NUEVO PUERTO DEL GALLO,,PERSONAS ATENDIDAS POR LOCALIDAD,
Enero,RANCHO NUEVO,3,PERSONAS ATENDIDAS POR LOCALIDAD,
Enero,REFORMA DE PALO SEMITA,1,PERSONAS ATENDIDAS POR LOCALIDAD,
Enero,SAN RAFAEL,6,PERSONAS ATENDIDAS POR LOCALIDAD,
Enero,SANTA ANA DE ALLENDE,6,PERSONAS ATENDIDAS POR LOCALIDAD,
Enero,SANTA MARÍA DE ÁLAMOS,8,PERSONAS ATENDIDAS POR LOCALIDAD,
Enero,SAUCILLO AGUA NUEVA,4,PERSONAS ATENDIDAS POR LOCALIDAD,
Enero,SOLEDAD DEL COYOL,3,PERSONAS ATENDIDAS POR LOCALIDAD,
Enero,TENANGO,5,PERSONAS ATENDIDAS POR LOCALIDAD,
Enero,TETLALPAN,5,PERSONAS ATENDIDAS POR LOCALIDAD,
Enero,TOCAPA,4,PERSONAS ATENDIDAS POR LOCALIDAD,
Enero,ZACATE GRANDE,6,PERSONAS ATENDIDAS POR LOCALIDAD,
Enero,ZIMAPANITO,,PERSONAS ATENDIDAS POR LOCALIDAD,
Enero,PUERTO DEL TAMBOR,1,PERSONAS ATENDIDAS POR LOCALIDAD,
Enero,CABECERA MPAL,187,PERSONAS ATENDIDAS POR LOCALIDAD,
Febrero,ACUATLA,,PERSONAS ATENDIDAS POR LOCALIDAD,
Febrero,AHUAYO,8,PERSONAS ATENDIDAS POR LOCALIDAD,
Febrero,ÁLAMO,,PERSONAS ATENDIDAS POR LOCALIDAD,
Febrero,AMIXCO,3,PERSONAS ATENDIDAS POR LOCALIDAD,
Febrero,ARROYO BLANCO,2,PERSONAS ATENDIDAS POR LOCALIDAD,
Febrero,ARROYO DE ACAXTLA,,PERSONAS ATENDIDAS POR LOCALIDAD,
Febrero,BUENA VISTA,2,PERSONAS ATENDIDAS POR LOCALIDAD,
Febrero,CAHUAZAS,11,PERSONAS ATENDIDAS POR LOCALIDAD,
Febrero,CARRIZAL DE TENANGO,5,PERSONAS ATENDIDAS POR LOCALIDAD,
Febrero,CARRIZAL DEL SOTANO,1,PERSONAS ATENDIDAS POR LOCALIDAD,
Febrero,EL AMOLAR,3,PERSONAS ATENDIDAS POR LOCALIDAD,
Febrero,EL BANCO,6,PERSONAS ATENDIDAS POR LOCALIDAD,
Febrero,EL BARRIO,5,PERSONAS ATENDIDAS POR LOCALIDAD,
Febrero,EL CAMPANARIO,2,PERSONAS ATENDIDAS POR LOCALIDAD,
Febrero,EL CAPULÍN,5,PERSONAS ATENDIDAS POR LOCALIDAD,
Febrero,EL COYOL,4,PERSONAS ATENDIDAS POR LOCALIDAD,
Febrero,EL HUALUL,,PERSONAS ATENDIDAS POR LOCALIDAD,
Febrero,EL LIMONCITO,10,PERSONAS ATENDIDAS POR LOCALIDAD,
Febrero,EL OCOTE,,PERSONAS ATENDIDAS POR LOCALIDAD,
Febrero,EL PESCADO,6,PERSONAS ATENDIDAS POR LOCALIDAD,
Febrero,EL SABINO,,PERSONAS ATENDIDAS POR LOCALIDAD,
Febrero,EL SOTANO,5,PERSONAS ATENDIDAS POR LOCALIDAD,
Febrero,EL ZACATAL,28,PERSONAS ATENDIDAS POR LOCALIDAD,
Febrero,HUATEPANGO,4,PERSONAS ATENDIDAS POR LOCALIDAD,
Febrero,IGLESIA VIEJA,11,PERSONAS ATENDIDAS POR LOCALIDAD,
Febrero,LA CEIBA,3,PERSONAS ATENDIDAS POR LOCALIDAD,
Febrero,,,PERSONAS ATENDIDAS POR LOCALIDAD,
Febrero,LA CEIBITA,4,PERSONAS ATENDIDAS POR LOCALIDAD,
Febrero,LA ESCONDIDA,3,PERSONAS ATENDIDAS POR LOCALIDAD,
Febrero,LA ESTANCIA,4,PERSONAS ATENDIDAS POR LOCALIDAD,
Febrero,LA GUAYABA,1,PERSONAS ATENDIDAS POR LOCALIDAD,
Febrero,LA HONDURA,6,PERSONAS ATENDIDAS POR LOCALIDAD,
Febrero,LA JOYA DEL ZOPILOTE,,PERSONAS ATENDIDAS POR LOCALIDAD,
Febrero,LA LOMA,15,PERSONAS ATENDIDAS POR LOCALIDAD,
Febrero,LA LOMITA,2,PERSONAS ATENDIDAS POR LOCALIDAD,
Febrero,LA MESA,7,PERSONAS ATENDIDAS POR LOCALIDAD,
Febrero,LA PIEDRA,3,PERSONAS ATENDIDAS POR LOCALIDAD,
Febrero,LA SIERRITA,,PERSONAS ATENDIDAS POR LOCALIDAD,
Febrero,LAS ANTENAS,3,PERSONAS ATENDIDAS POR LOCALIDAD,
Febrero,LAS CAMPANAS,,PERSONAS ATENDIDAS POR LOCALIDAD,
Febrero,LAS CIRUELAS,8,PERSONAS ATENDIDAS POR LOCALIDAD,
Febrero,LAS GOLONDRINAS,1,PERSONAS ATENDIDAS POR LOCALIDAD,
Febrero,LAS MINAS,10,PERSONAS ATENDIDAS POR LOCALIDAD,
Febrero,LOS NARANJOS,,PERSONAS ATENDIDAS POR LOCALIDAD,
Febrero,MIAHUATLA,5,PERSONAS ATENDIDAS POR LOCALIDAD,
Febrero,NEBLINAS,8,PERSONAS ATENDIDAS POR LOCALIDAD,
Febrero,NUEVO COYOLAR,,PERSONAS ATENDIDAS POR LOCALIDAD,
Febrero,OJO DE AGUA BO. ABAJO,5,PERSONAS ATENDIDAS POR LOCALIDAD,
Febrero,OJO DE AGUA BO. ARRIBA,5,PERSONAS ATENDIDAS POR LOCALIDAD,
Febrero,PALO SEMITA,2,PERSONAS ATENDIDAS POR LOCALIDAD,
Febrero,PALO VERDE,4,PERSONAS ATENDIDAS POR LOCALIDAD,
Febrero,PALOMAS,5,PERSONAS ATENDIDAS POR LOCALIDAD,
Febrero,PARED GRUESA,2,PERSONAS ATENDIDAS POR LOCALIDAD,
Febrero,PIEDRA ANCHA,,PERSONAS ATENDIDAS POR LOCALIDAD,
Febrero,PLAN DE GUADALUPE,,PERSONAS ATENDIDAS POR LOCALIDAD,
Febrero,PUERTO DEL AMOLAR,2,PERSONAS ATENDIDAS POR LOCALIDAD,
Febrero,PUERTO DEL CABALLO,,PERSONAS ATENDIDAS POR LOCALIDAD,
Febrero,PUERTO DEL GALLO,,PERSONAS ATENDIDAS POR LOCALIDAD,
Febrero,PUERTO OBSCURO,6,PERSONAS ATENDIDAS POR LOCALIDAD,
Febrero,RANCHO NUEVO PUERTO DEL GALLO,,PERSONAS ATENDIDAS POR LOCALIDAD,
Febrero,RANCHO NUEVO,,PERSONAS ATENDIDAS POR LOCALIDAD,
Febrero,REFORMA DE PALO SEMITA,,PERSONAS ATENDIDAS POR LOCALIDAD,
Febrero,SAN RAFAEL,3,PERSONAS ATENDIDAS POR LOCALIDAD,
Febrero,SANTA ANA DE ALLENDE,3,PERSONAS ATENDIDAS POR LOCALIDAD,
Febrero,SANTA MARÍA DE ÁLAMOS,6,PERSONAS ATENDIDAS POR LOCALIDAD,
Febrero,SAUCILLO AGUA NUEVA,3,PERSONAS ATENDIDAS POR LOCALIDAD,
Febrero,SOLEDAD DEL COYOL,,PERSONAS ATENDIDAS POR LOCALIDAD,
Febrero,TENANGO,2,PERSONAS ATENDIDAS POR LOCALIDAD,
Febrero,TETLALPAN,7,PERSONAS ATENDIDAS POR LOCALIDAD,
Febrero,TOCAPA,2,PERSONAS ATENDIDAS POR LOCALIDAD,
Febrero,ZACATE GRANDE,4,PERSONAS ATENDIDAS POR LOCALIDAD,
Febrero,ZIMAPANITO,,PERSONAS ATENDIDAS POR LOCALIDAD,
Febrero,PUERTO DEL TAMBOR,,PERSONAS ATENDIDAS POR LOCALIDAD,
Febrero,CABECERA MPAL,89,PERSONAS ATENDIDAS POR LOCALIDAD,
Septiembre,ACUATLA,,PERSONAS ATENDIDAS POR LOCALIDAD,
Septiembre,AHUAYO,2,PERSONAS ATENDIDAS POR LOCALIDAD,
Septiembre,ÁLAMO,1,PERSONAS ATENDIDAS POR LOCALIDAD,
Septiembre,AMIXCO,,PERSONAS ATENDIDAS POR LOCALIDAD,
Septiembre,ARROYO BLANCO,2,PERSONAS ATENDIDAS POR LOCALIDAD,
Septiembre,ARROYO DE ACAXTLA,,PERSONAS ATENDIDAS POR LOCALIDAD,
Septiembre,BUENA VISTA,2,PERSONAS ATENDIDAS POR LOCALIDAD,
Septiembre,CABECERA MPAL,12,PERSONAS ATENDIDAS POR LOCALIDAD,
Septiembre,CAHUAZAS,5,PERSONAS ATENDIDAS POR LOCALIDAD,
Septiembre,CARRIZAL DE TENANGO,,PERSONAS ATENDIDAS POR LOCALIDAD,
Septiembre,CARRIZAL DEL SOTANO,,PERSONAS ATENDIDAS POR LOCALIDAD,
Septiembre,EL AMOLAR,3,PERSONAS ATENDIDAS POR LOCALIDAD,
Septiembre,EL BANCO,3,PERSONAS ATENDIDAS POR LOCALIDAD,
Septiembre,EL BARRIO,1,PERSONAS ATENDIDAS POR LOCALIDAD,
Septiembre,EL CAMPANARIO,,PERSONAS ATENDIDAS POR LOCALIDAD,
Septiembre,EL CAPULÍN,1,PERSONAS ATENDIDAS POR LOCALIDAD,
Septiembre,EL COYOL,2,PERSONAS ATENDIDAS POR LOCALIDAD,
Septiembre,EL HUALUL,,PERSONAS ATENDIDAS POR LOCALIDAD,
Septiembre,EL LIMONCITO,,PERSONAS ATENDIDAS POR LOCALIDAD,
Septiembre,EL OCOTE,,PERSONAS ATENDIDAS POR LOCALIDAD,
Septiembre,EL PESCADO,2,PERSONAS ATENDIDAS POR LOCALIDAD,
Septiembre,EL SABINO,,PERSONAS ATENDIDAS POR LOCALIDAD,
Septiembre,EL SOTANO,,PERSONAS ATENDIDAS POR LOCALIDAD,
Septiembre,EL ZACATAL,31,PERSONAS ATENDIDAS POR LOCALIDAD,
Septiembre,HUATEPANGO,2,PERSONAS ATENDIDAS POR LOCALIDAD,
Septiembre,IGLESIA VIEJA,4,PERSONAS ATENDIDAS POR LOCALIDAD,
Septiembre,LA CEIBA,,PERSONAS ATENDIDAS POR LOCALIDAD,
Septiembre,LA CEIBITA,1,PERSONAS ATENDIDAS POR LOCALIDAD,
Septiembre,LA ESCONDIDA,,PERSONAS ATENDIDAS POR LOCALIDAD,
Septiembre,LA ESTANCIA,1,PERSONAS ATENDIDAS POR LOCALIDAD,
Septiembre,LA GUAYABA,,PERSONAS ATENDIDAS POR LOCALIDAD,
Septiembre,LA HONDURA,,PERSONAS ATENDIDAS POR LOCALIDAD,
Septiembre,LA JOYA DEL ZOPILOTE,,PERSONAS ATENDIDAS POR LOCALIDAD,
Septiembre,LA LOMA,2,PERSONAS ATENDIDAS POR LOCALIDAD,
Septiembre,LA LOMITA,1,PERSONAS ATENDIDAS POR LOCALIDAD,
Septiembre,LA MESA,3,PERSONAS ATENDIDAS POR LOCALIDAD,
Septiembre,LA PIEDRA,,PERSONAS ATENDIDAS POR LOCALIDAD,
Septiembre,LA SIERRITA,1,PERSONAS ATENDIDAS POR LOCALIDAD,
Septiembre,LAS ANTENAS,,PERSONAS ATENDIDAS POR LOCALIDAD,
Septiembre,LAS CAMPANAS,,PERSONAS ATENDIDAS POR LOCALIDAD,
Septiembre,LAS CIRUELAS,,PERSONAS ATENDIDAS POR LOCALIDAD,
Septiembre,LAS GOLONDRINAS,,PERSONAS ATENDIDAS POR LOCALIDAD,
Septiembre,LAS MINAS,,PERSONAS ATENDIDAS POR LOCALIDAD,
Septiembre,LOS NARANJOS,,PERSONAS ATENDIDAS POR LOCALIDAD,
Septiembre,MIAHUATLA,4,PERSONAS ATENDIDAS POR LOCALIDAD,
Septiembre,NEBLINAS,1,PERSONAS ATENDIDAS POR LOCALIDAD,
Septiembre,NUEVO COYOLAR,,PERSONAS ATENDIDAS POR LOCALIDAD,
Septiembre,OJO DE AGUA BO. ABAJO,2,PERSONAS ATENDIDAS POR LOCALIDAD,
Septiembre,OJO DE AGUA BO. ARRIBA,5,PERSONAS ATENDIDAS POR LOCALIDAD,
Septiembre,PALO SEMITA,5,PERSONAS ATENDIDAS POR LOCALIDAD,
Septiembre,PALO VERDE,2,PERSONAS ATENDIDAS POR LOCALIDAD,
Septiembre,PALOMAS,2,PERSONAS ATENDIDAS POR LOCALIDAD,
Septiembre,PARED GRUESA,,PERSONAS ATENDIDAS POR LOCALIDAD,
Septiembre,PIEDRA ANCHA,2,PERSONAS ATENDIDAS POR LOCALIDAD,
Septiembre,PLAN DE GUADALUPE,8,PERSONAS ATENDIDAS POR LOCALIDAD,
Septiembre,PUERTO DEL AMOLAR,,PERSONAS ATENDIDAS POR LOCALIDAD,
Septiembre,PUERTO DEL CABALLO,,PERSONAS ATENDIDAS POR LOCALIDAD,
Septiembre,PUERTO DEL GALLO,,PERSONAS ATENDIDAS POR LOCALIDAD,
Septiembre,PUERTO DEL TAMBOR,,PERSONAS ATENDIDAS POR LOCALIDAD,
Septiembre,PUERTO OBSCURO,1,PERSONAS ATENDIDAS POR LOCALIDAD,
Septiembre,RANCHO NUEVO,,PERSONAS ATENDIDAS POR LOCALIDAD,
Septiembre,RANCHO NUEVO PUERTO DEL GALLO,,PERSONAS ATENDIDAS POR LOCALIDAD,
Septiembre,REFORMA DE PALO SEMITA,1,PERSONAS ATENDIDAS POR LOCALIDAD,
Septiembre,SAN RAFAEL,3,PERSONAS ATENDIDAS POR LOCALIDAD,
Septiembre,SANTA ANA DE ALLENDE,4,PERSONAS ATENDIDAS POR LOCALIDAD,
Septiembre,SANTA MARÍA DE ÁLAMOS,2,PERSONAS ATENDIDAS POR LOCALIDAD,
Septiembre,SAUCILLO AGUA NUEVA,4,PERSONAS ATENDIDAS POR LOCALIDAD,
Septiembre,SOLEDAD DEL COYOL,3,PERSONAS ATENDIDAS POR LOCALIDAD,
Septiembre,TENANGO,4,PERSONAS ATENDIDAS POR LOCALIDAD,
Septiembre,TETLALPAN,11,PERSONAS ATENDIDAS POR LOCALIDAD,
Septiembre,TOCAPA,2,PERSONAS ATENDIDAS POR LOCALIDAD,
Septiembre,ZACATE GRANDE,2,PERSONAS ATENDIDAS POR LOCALIDAD,
Septiembre,ZIMAPANITO,,PERSONAS ATENDIDAS POR LOCALIDAD,
Diciembre,ACUATLA,,PERSONAS ATENDIDAS POR LOCALIDAD,
Diciembre,AHUAYO,7,PERSONAS ATENDIDAS POR LOCALIDAD,
Diciembre,ÁLAMO,2,PERSONAS ATENDIDAS POR LOCALIDAD,
Diciembre,AMIXCO,5,PERSONAS ATENDIDAS POR LOCALIDAD,
Diciembre,ARROYO BLANCO,1,PERSONAS ATENDIDAS POR LOCALIDAD,
Diciembre,ARROYO DE ACAXTLA,,PERSONAS ATENDIDAS POR LOCALIDAD,
Diciembre,BUENA VISTA,2,PERSONAS ATENDIDAS POR LOCALIDAD,
Diciembre,CAHUAZAS,11,PERSONAS ATENDIDAS POR LOCALIDAD,
Diciembre,CARRIZAL DE TENANGO,1,PERSONAS ATENDIDAS POR LOCALIDAD,
Diciembre,CARRIZAL DEL SOTANO,,PERSONAS ATENDIDAS POR LOCALIDAD,
Diciembre,EL AMOLAR,4,PERSONAS ATENDIDAS POR LOCALIDAD,
Diciembre,EL BANCO,3,PERSONAS ATENDIDAS POR LOCALIDAD,
Diciembre,EL BARRIO,4,PERSONAS ATENDIDAS POR LOCALIDAD,
Diciembre,EL CAMPANARIO,,PERSONAS ATENDIDAS POR LOCALIDAD,
Diciembre,EL CAPULÍN,4,PERSONAS ATENDIDAS POR LOCALIDAD,
Diciembre,EL COYOL,4,PERSONAS ATENDIDAS POR LOCALIDAD,
Diciembre,EL HUALUL,,PERSONAS ATENDIDAS POR LOCALIDAD,
Diciembre,EL LIMONCITO,3,PERSONAS ATENDIDAS POR LOCALIDAD,
Diciembre,EL OCOTE,2,PERSONAS ATENDIDAS POR LOCALIDAD,
Diciembre,EL PESCADO,1,PERSONAS ATENDIDAS POR LOCALIDAD,
Diciembre,EL SABINO,,PERSONAS ATENDIDAS POR LOCALIDAD,
Diciembre,EL SOTANO,5,PERSONAS ATENDIDAS POR LOCALIDAD,
Diciembre,EL ZACATAL,17,PERSONAS ATENDIDAS POR LOCALIDAD,
Diciembre,HUATEPANGO,2,PERSONAS ATENDIDAS POR LOCALIDAD,
Diciembre,IGLESIA VIEJA,5,PERSONAS ATENDIDAS POR LOCALIDAD,
Diciembre,LA CEIBA,3,PERSONAS ATENDIDAS POR LOCALIDAD,
Diciembre,,,PERSONAS ATENDIDAS POR LOCALIDAD,
Diciembre,LA CEIBITA,1,PERSONAS ATENDIDAS POR LOCALIDAD,
Diciembre,LA ESCONDIDA,,PERSONAS ATENDIDAS POR LOCALIDAD,
Diciembre,LA ESTANCIA,,PERSONAS ATENDIDAS POR LOCALIDAD,
Diciembre,LA GUAYABA,,PERSONAS ATENDIDAS POR LOCALIDAD,
Diciembre,LA HONDURA,,PERSONAS ATENDIDAS POR LOCALIDAD,
Diciembre,LA JOYA DEL ZOPILOTE,,PERSONAS ATENDIDAS POR LOCALIDAD,
Diciembre,LA LOMA,8,PERSONAS ATENDIDAS POR LOCALIDAD,
Diciembre,LA LOMITA,1,PERSONAS ATENDIDAS POR LOCALIDAD,
Diciembre,LA MESA,1,PERSONAS ATENDIDAS POR LOCALIDAD,
Diciembre,,,PERSONAS ATENDIDAS POR LOCALIDAD,
Diciembre,LA SIERRITA,2,PERSONAS ATENDIDAS POR LOCALIDAD,
Diciembre,LAS ANTENAS,,PERSONAS ATENDIDAS POR LOCALIDAD,
Diciembre,LAS CAMPANAS,,PERSONAS ATENDIDAS POR LOCALIDAD,
Diciembre,LAS CIRUELAS,1,PERSONAS ATENDIDAS POR LOCALIDAD,
Diciembre,LAS GOLONDRINAS,,PERSONAS ATENDIDAS POR LOCALIDAD,
Diciembre,LAS MINAS,4,PERSONAS ATENDIDAS POR LOCALIDAD,
Diciembre,LOS NARANJOS,,PERSONAS ATENDIDAS POR LOCALIDAD,
Diciembre,MIAHUATLA,2,PERSONAS ATENDIDAS POR LOCALIDAD,
Diciembre,NEBLINAS,1,PERSONAS ATENDIDAS POR LOCALIDAD,
Diciembre,NUEVO COYOLAR,,PERSONAS ATENDIDAS POR LOCALIDAD,
Diciembre,OJO DE AGUA BO. ABAJO,1,PERSONAS ATENDIDAS POR LOCALIDAD,
Diciembre,OJO DE AGUA BO. ARRIBA,1,PERSONAS ATENDIDAS POR LOCALIDAD,
Diciembre,PALO SEMITA,,PERSONAS ATENDIDAS POR LOCALIDAD,
Diciembre,PALO VERDE,11,PERSONAS ATENDIDAS POR LOCALIDAD,
Diciembre,PALOMAS,,PERSONAS ATENDIDAS POR LOCALIDAD,
Diciembre,PARED GRUESA,,PERSONAS ATENDIDAS POR LOCALIDAD,
Diciembre,PIEDRA ANCHA,,PERSONAS ATENDIDAS POR LOCALIDAD,
Diciembre,PLAN DE GUADALUPE,1,PERSONAS ATENDIDAS POR LOCALIDAD,
Diciembre,PUERTO DEL AMOLAR,,PERSONAS ATENDIDAS POR LOCALIDAD,
Diciembre,PUERTO DEL CABALLO,,PERSONAS ATENDIDAS POR LOCALIDAD,
Diciembre,PUERTO DEL GALLO,,PERSONAS ATENDIDAS POR LOCALIDAD,
Diciembre,PUERTO OBSCURO,,PERSONAS ATENDIDAS POR LOCALIDAD,
Diciembre,RANCHO NUEVO PUERTO DEL GALLO,,PERSONAS ATENDIDAS POR LOCALIDAD,
Diciembre,RANCHO NUEVO,,PERSONAS ATENDIDAS POR LOCALIDAD,
Diciembre,REFORMA DE PALO SEMITA,,PERSONAS ATENDIDAS POR LOCALIDAD,
Diciembre,SAN RAFAEL,5,PERSONAS ATENDIDAS POR LOCALIDAD,
Diciembre,SANTA ANA DE ALLENDE,10,PERSONAS ATENDIDAS POR LOCALIDAD,
Diciembre,SANTA MARÍA DE ÁLAMOS,2,PERSONAS ATENDIDAS POR LOCALIDAD,
Diciembre,SAUCILLO AGUA NUEVA,,PERSONAS ATENDIDAS POR LOCALIDAD,
Diciembre,SOLEDAD DEL COYOL,2,PERSONAS ATENDIDAS POR LOCALIDAD,
Diciembre,TENANGO,5,PERSONAS ATENDIDAS POR LOCALIDAD,
Diciembre,TETLALPAN,3,PERSONAS ATENDIDAS POR LOCALIDAD,
Diciembre,TOCAPA,1,PERSONAS ATENDIDAS POR LOCALIDAD,
Diciembre,ZACATE GRANDE,3,PERSONAS ATENDIDAS POR LOCALIDAD,
Diciembre,ZIMAPANITO,,PERSONAS ATENDIDAS POR LOCALIDAD,
Diciembre,PUERTO DEL TAMBOR,,PERSONAS ATENDIDAS POR LOCALIDAD,
Diciembre,CABECERA MPAL,134,PERSONAS ATENDIDAS POR LOCALIDAD,
Noviembre,ACUATLA,,PERSONAS ATENDIDAS POR LOCALIDAD,
Noviembre,AHUAYO,17,PERSONAS ATENDIDAS POR LOCALIDAD,
Noviembre,ÁLAMO,1,PERSONAS ATENDIDAS POR LOCALIDAD,
Noviembre,AMIXCO,8,PERSONAS ATENDIDAS POR LOCALIDAD,
Noviembre,ARROYO BLANCO,,PERSONAS ATENDIDAS POR LOCALIDAD,
Noviembre,ARROYO DE ACAXTLA,,PERSONAS ATENDIDAS POR LOCALIDAD,
Noviembre,BUENA VISTA,2,PERSONAS ATENDIDAS POR LOCALIDAD,
Noviembre,CAHUAZAS,7,PERSONAS ATENDIDAS POR LOCALIDAD,
Noviembre,CARRIZAL DE TENANGO,3,PERSONAS ATENDIDAS POR LOCALIDAD,
Noviembre,CARRIZAL DEL SOTANO,,PERSONAS ATENDIDAS POR LOCALIDAD,
Noviembre,EL AMOLAR,4,PERSONAS ATENDIDAS POR LOCALIDAD,
Noviembre,EL BANCO,5,PERSONAS ATENDIDAS POR LOCALIDAD,
Noviembre,EL BARRIO,6,PERSONAS ATENDIDAS POR LOCALIDAD,
Noviembre,EL CAMPANARIO,1,PERSONAS ATENDIDAS POR LOCALIDAD,
Noviembre,EL CAPULÍN,3,PERSONAS ATENDIDAS POR LOCALIDAD,
Noviembre,EL COYOL,2,PERSONAS ATENDIDAS POR LOCALIDAD,
Noviembre,EL HUALUL,1,PERSONAS ATENDIDAS POR LOCALIDAD,
Noviembre,EL LIMONCITO,8,PERSONAS ATENDIDAS POR LOCALIDAD,
Noviembre,EL OCOTE,2,PERSONAS ATENDIDAS POR LOCALIDAD,
Noviembre,EL PESCADO,2,PERSONAS ATENDIDAS POR LOCALIDAD,
Noviembre,EL SABINO,,PERSONAS ATENDIDAS POR LOCALIDAD,
Noviembre,EL SOTANO,,PERSONAS ATENDIDAS POR LOCALIDAD,
Noviembre,EL ZACATAL,15,PERSONAS ATENDIDAS POR LOCALIDAD,
Noviembre,HUATEPANGO,4,PERSONAS ATENDIDAS POR LOCALIDAD,
Noviembre,IGLESIA VIEJA,8,PERSONAS ATENDIDAS POR LOCALIDAD,
Noviembre,LA CEIBA,,PERSONAS ATENDIDAS POR LOCALIDAD,
Noviembre,,,PERSONAS ATENDIDAS POR LOCALIDAD,
Noviembre,LA CEIBITA,,PERSONAS ATENDIDAS POR LOCALIDAD,
Noviembre,LA ESCONDIDA,,PERSONAS ATENDIDAS POR LOCALIDAD,
Noviembre,LA ESTANCIA,,PERSONAS ATENDIDAS POR LOCALIDAD,
Noviembre,LA GUAYABA,,PERSONAS ATENDIDAS POR LOCALIDAD,
Noviembre,LA HONDURA,1,PERSONAS ATENDIDAS POR LOCALIDAD,
Noviembre,LA JOYA DEL ZOPILOTE,,PERSONAS ATENDIDAS POR LOCALIDAD,
Noviembre,LA LOMA,10,PERSONAS ATENDIDAS POR LOCALIDAD,
Noviembre,LA LOMITA,3,PERSONAS ATENDIDAS POR LOCALIDAD,
Noviembre,LA MESA,8,PERSONAS ATENDIDAS POR LOCALIDAD,
Noviembre,LA PIEDRA,2,PERSONAS ATENDIDAS POR LOCALIDAD,
Noviembre,LA SIERRITA,3,PERSONAS ATENDIDAS POR LOCALIDAD,
Noviembre,LAS ANTENAS,1,PERSONAS ATENDIDAS POR LOCALIDAD,
Noviembre,LAS CAMPANAS,1,PERSONAS ATENDIDAS POR LOCALIDAD,
Noviembre,LAS CIRUELAS,2,PERSONAS ATENDIDAS POR LOCALIDAD,
Noviembre,LAS GOLONDRINAS,,PERSONAS ATENDIDAS POR LOCALIDAD,
Noviembre,LAS MINAS,18,PERSONAS ATENDIDAS POR LOCALIDAD,
Noviembre,LOS NARANJOS,,PERSONAS ATENDIDAS POR LOCALIDAD,
Noviembre,MIAHUATLA,3,PERSONAS ATENDIDAS POR LOCALIDAD,
Noviembre,NEBLINAS,5,PERSONAS ATENDIDAS POR LOCALIDAD,
Noviembre,NUEVO COYOLAR,,PERSONAS ATENDIDAS POR LOCALIDAD,
Noviembre,OJO DE AGUA BO. ABAJO,,PERSONAS ATENDIDAS POR LOCALIDAD,
Noviembre,OJO DE AGUA BO. ARRIBA,4,PERSONAS ATENDIDAS POR LOCALIDAD,
Noviembre,PALO SEMITA,,PERSONAS ATENDIDAS POR LOCALIDAD,
Noviembre,PALO VERDE,10,PERSONAS ATENDIDAS POR LOCALIDAD,
Noviembre,PALOMAS,1,PERSONAS ATENDIDAS POR LOCALIDAD,
Noviembre,PARED GRUESA,,PERSONAS ATENDIDAS POR LOCALIDAD,
Noviembre,PIEDRA ANCHA,,PERSONAS ATENDIDAS POR LOCALIDAD,
Noviembre,PLAN DE GUADALUPE,3,PERSONAS ATENDIDAS POR LOCALIDAD,
Noviembre,PUERTO DEL AMOLAR,,PERSONAS ATENDIDAS POR LOCALIDAD,
Noviembre,PUERTO DEL CABALLO,3,PERSONAS ATENDIDAS POR LOCALIDAD,
Noviembre,PUERTO DEL GALLO,,PERSONAS ATENDIDAS POR LOCALIDAD,
Noviembre,PUERTO OBSCURO,4,PERSONAS ATENDIDAS POR LOCALIDAD,
Noviembre,RANCHO NUEVO PUERTO DEL GALLO,,PERSONAS ATENDIDAS POR LOCALIDAD,
Noviembre,RANCHO NUEVO,,PERSONAS ATENDIDAS POR LOCALIDAD,
Noviembre,REFORMA DE PALO SEMITA,,PERSONAS ATENDIDAS POR LOCALIDAD,
Noviembre,SAN RAFAEL,7,PERSONAS ATENDIDAS POR LOCALIDAD,
Noviembre,SANTA ANA DE ALLENDE,7,PERSONAS ATENDIDAS POR LOCALIDAD,
Noviembre,SANTA MARÍA DE ÁLAMOS,3,PERSONAS ATENDIDAS POR LOCALIDAD,
Noviembre,SAUCILLO AGUA NUEVA,2,PERSONAS ATENDIDAS POR LOCALIDAD,
Noviembre,SOLEDAD DEL COYOL,,PERSONAS ATENDIDAS POR LOCALIDAD,
Noviembre,TENANGO,6,PERSONAS ATENDIDAS POR LOCALIDAD,
Noviembre,TETLALPAN,10,PERSONAS ATENDIDAS POR LOCALIDAD,
Noviembre,TOCAPA,6,PERSONAS ATENDIDAS POR LOCALIDAD,
Noviembre,ZACATE GRANDE,,PERSONAS ATENDIDAS POR LOCALIDAD,
Noviembre,ZIMAPANITO,,PERSONAS ATENDIDAS POR LOCALIDAD,
Noviembre,PUERTO DEL TAMBOR,,PERSONAS ATENDIDAS POR LOCALIDAD,
Noviembre,CABECERA MPAL,20,PERSONAS ATENDIDAS POR LOCALIDAD,
Octubre,ACUATLA,,PERSONAS ATENDIDAS POR LOCALIDAD,
Octubre,AHUAYO,1,PERSONAS ATENDIDAS POR LOCALIDAD,
Octubre,ÁLAMO,,PERSONAS ATENDIDAS POR LOCALIDAD,
Octubre,AMIXCO,,PERSONAS ATENDIDAS POR LOCALIDAD,
Octubre,ARROYO BLANCO,,PERSONAS ATENDIDAS POR LOCALIDAD,
Octubre,ARROYO DE ACAXTLA,,PERSONAS ATENDIDAS POR LOCALIDAD,
Octubre,BUENA VISTA,,PERSONAS ATENDIDAS POR LOCALIDAD,
Octubre,CAHUAZAS,1,PERSONAS ATENDIDAS POR LOCALIDAD,
Octubre,CARRIZAL DE TENANGO,,PERSONAS ATENDIDAS POR LOCALIDAD,
Octubre,CARRIZAL DEL SOTANO,,PERSONAS ATENDIDAS POR LOCALIDAD,
Octubre,EL AMOLAR,,PERSONAS ATENDIDAS POR LOCALIDAD,
Octubre,EL BANCO,,PERSONAS ATENDIDAS POR LOCALIDAD,
Octubre,EL BARRIO,,PERSONAS ATENDIDAS POR LOCALIDAD,
Octubre,EL CAMPANARIO,,PERSONAS ATENDIDAS POR LOCALIDAD,
Octubre,EL CAPULÍN,1,PERSONAS ATENDIDAS POR LOCALIDAD,
Octubre,EL COYOL,,PERSONAS ATENDIDAS POR LOCALIDAD,
Octubre,EL HUALUL,,PERSONAS ATENDIDAS POR LOCALIDAD,
Octubre,EL LIMONCITO,,PERSONAS ATENDIDAS POR LOCALIDAD,
Octubre,EL OCOTE,,PERSONAS ATENDIDAS POR LOCALIDAD,
Octubre,EL PESCADO,1,PERSONAS ATENDIDAS POR LOCALIDAD,
Octubre,EL SABINO,,PERSONAS ATENDIDAS POR LOCALIDAD,
Octubre,EL SOTANO,,PERSONAS ATENDIDAS POR LOCALIDAD,
Octubre,EL ZACATAL,1,PERSONAS ATENDIDAS POR LOCALIDAD,
Octubre,HUATEPANGO,,PERSONAS ATENDIDAS POR LOCALIDAD,
Octubre,IGLESIA VIEJA,1,PERSONAS ATENDIDAS POR LOCALIDAD,
Octubre,LA CEIBA,,PERSONAS ATENDIDAS POR LOCALIDAD,
Octubre,,,PERSONAS ATENDIDAS POR LOCALIDAD,
Octubre,LA CEIBITA,,PERSONAS ATENDIDAS POR LOCALIDAD,
Octubre,LA ESCONDIDA,,PERSONAS ATENDIDAS POR LOCALIDAD,
Octubre,LA ESTANCIA,,PERSONAS ATENDIDAS POR LOCALIDAD,
Octubre,LA GUAYABA,,PERSONAS ATENDIDAS POR LOCALIDAD,
Octubre,LA HONDURA,,PERSONAS ATENDIDAS POR LOCALIDAD,
Octubre,LA JOYA DEL ZOPILOTE,,PERSONAS ATENDIDAS POR LOCALIDAD,
Octubre,LA LOMA,1,PERSONAS ATENDIDAS POR LOCALIDAD,
Octubre,LA LOMITA,2,PERSONAS ATENDIDAS POR LOCALIDAD,
Octubre,LA MESA,,PERSONAS ATENDIDAS POR LOCALIDAD,
Octubre,LA PIEDRA,,PERSONAS ATENDIDAS POR LOCALIDAD,
Octubre,LA SIERRITA,,PERSONAS ATENDIDAS POR LOCALIDAD,
Octubre,LAS ANTENAS,,PERSONAS ATENDIDAS POR LOCALIDAD,
Octubre,LAS CAMPANAS,,PERSONAS ATENDIDAS POR LOCALIDAD,
Octubre,LAS CIRUELAS,,PERSONAS ATENDIDAS POR LOCALIDAD,
Octubre,LAS GOLONDRINAS,,PERSONAS ATENDIDAS POR LOCALIDAD,
Octubre,LAS MINAS,1,PERSONAS ATENDIDAS POR LOCALIDAD,
Octubre,LOS NARANJOS,,PERSONAS ATENDIDAS POR LOCALIDAD,
Octubre,MIAHUATLA,,PERSONAS ATENDIDAS POR LOCALIDAD,
Octubre,NEBLINAS,,PERSONAS ATENDIDAS POR LOCALIDAD,
Octubre,NUEVO COYOLAR,,PERSONAS ATENDIDAS POR LOCALIDAD,
Octubre,OJO DE AGUA BO. ABAJO,,PERSONAS ATENDIDAS POR LOCALIDAD,
Octubre,OJO DE AGUA BO. ARRIBA,1,PERSONAS ATENDIDAS POR LOCALIDAD,
Octubre,PALO SEMITA,,PERSONAS ATENDIDAS POR LOCALIDAD,
Octubre,PALO VERDE,,PERSONAS ATENDIDAS POR LOCALIDAD,
Octubre,PALOMAS,2,PERSONAS ATENDIDAS POR LOCALIDAD,
Octubre,PARED GRUESA,,PERSONAS ATENDIDAS POR LOCALIDAD,
Octubre,PIEDRA ANCHA,,PERSONAS ATENDIDAS POR LOCALIDAD,
Octubre,PLAN DE GUADALUPE,1,PERSONAS ATENDIDAS POR LOCALIDAD,
Octubre,PUERTO DEL AMOLAR,,PERSONAS ATENDIDAS POR LOCALIDAD,
Octubre,PUERTO DEL CABALLO,,PERSONAS ATENDIDAS POR LOCALIDAD,
Octubre,PUERTO DEL GALLO,,PERSONAS ATENDIDAS POR LOCALIDAD,
Octubre,PUERTO OBSCURO,1,PERSONAS ATENDIDAS POR LOCALIDAD,
Octubre,RANCHO NUEVO PUERTO DEL GALLO,,PERSONAS ATENDIDAS POR LOCALIDAD,
Octubre,RANCHO NUEVO,,PERSONAS ATENDIDAS POR LOCALIDAD,
Octubre,REFORMA DE PALO SEMITA,,PERSONAS ATENDIDAS POR LOCALIDAD,
Octubre,SAN RAFAEL,,PERSONAS ATENDIDAS POR LOCALIDAD,
Octubre,SANTA ANA DE ALLENDE,,PERSONAS ATENDIDAS POR LOCALIDAD,
Octubre,SANTA MARÍA DE ÁLAMOS,,PERSONAS ATENDIDAS POR LOCALIDAD,
Octubre,SAUCILLO AGUA NUEVA,,PERSONAS ATENDIDAS POR LOCALIDAD,
Octubre,SOLEDAD DEL COYOL,,PERSONAS ATENDIDAS POR LOCALIDAD,
Octubre,TENANGO,1,PERSONAS ATENDIDAS POR LOCALIDAD,
Octubre,TETLALPAN,1,PERSONAS ATENDIDAS POR LOCALIDAD,
Octubre,TOCAPA,,PERSONAS ATENDIDAS POR LOCALIDAD,
Octubre,ZACATE GRANDE,,PERSONAS ATENDIDAS POR LOCALIDAD,
Octubre,ZIMAPANITO,,PERSONAS ATENDIDAS POR LOCALIDAD,
Octubre,PUERTO DEL TAMBOR,,PERSONAS ATENDIDAS POR LOCALIDAD,
Octubre,CABECERA MPAL,8,PERSONAS ATENDIDAS POR LOCALIDAD,
Diciembre,,,CANALIZACIÓNES A DIFERENTES AREAS,ARCHIVO MUNICIPAL
Diciembre,,13,CANALIZACIÓNES A DIFERENTES AREAS,LICENCIAS Y REGLAMENTOS
Diciembre,,,CANALIZACIÓNES A DIFERENTES AREAS,ADMINITRACIÓN
Diciembre,,,CANALIZACIÓNES A DIFERENTES AREAS,PLANEACIÓN
Diciembre,,38,CANALIZACIÓNES A DIFERENTES AREAS,DESARROLLO SOCIAL
Diciembre,,5,CANALIZACIÓNES A DIFERENTES AREAS,PUEBLOS INDIGENAS
Diciembre,,,CANALIZACIÓNES A DIFERENTES AREAS,TRANSPARENCIA
Diciembre,,9,CANALIZACIÓNES A DIFERENTES AREAS,ECOLOGÍA
Diciembre,,2,CANALIZACIÓNES A DIFERENTES AREAS,TURISMO
Diciembre,,,CANALIZACIÓNES A DIFERENTES AREAS,COMUNICACIÓN SOCIAL
Diciembre,,,CANALIZACIÓNES A DIFERENTES AREAS,ARTE Y CULTURA
Diciembre,,,CANALIZACIÓNES A DIFERENTES AREAS,EVENTOS ESPECIALES
Diciembre,,1,CANALIZACIÓNES A DIFERENTES AREAS,BIBLIOTECAS
Diciembre,,18,CANALIZACIÓNES A DIFERENTES AREAS,DESARROLLO RURAL
Diciembre,,2,CANALIZACIÓNES A DIFERENTES AREAS,OBRAS PÚBLICAS
Diciembre,,1,CANALIZACIÓNES A DIFERENTES AREAS,CATASTRO
Diciembre,,,CANALIZACIÓNES A DIFERENTES AREAS,ORGANO INTERNO DE CONTROL
Diciembre,,25,CANALIZACIÓNES A DIFERENTES AREAS,SECRETARIA GENERAL
Diciembre,,90,CANALIZACIÓNES A DIFERENTES AREAS,PRESIDENCIA
Diciembre,,8,CANALIZACIÓNES A DIFERENTES AREAS,JURIDICO MUNICIPAL
Diciembre,,5,CANALIZACIÓNES A DIFERENTES AREAS,COMUDE
Diciembre,,10,CANALIZACIÓNES A DIFERENTES AREAS,SERVICIOS PUBLICOS
Diciembre,,,CANALIZACIÓNES A DIFERENTES AREAS,OFICIALIA MAYOR
Diciembre,,10,CANALIZACIÓNES A DIFERENTES AREAS,SEGURIDAD PUBLICA
Diciembre,,,CANALIZACIÓNES A DIFERENTES AREAS,TRASLADOS
Diciembre,,10,CANALIZACIÓNES A DIFERENTES AREAS,CONCILIACION
Diciembre,,15,CANALIZACIÓNES A DIFERENTES AREAS,TESORERIA
Diciembre,,,CANALIZACIÓNES A DIFERENTES AREAS,RECAUDACIÓN
Diciembre,,25,CANALIZACIÓNES A DIFERENTES AREAS,REGISTRO DEL ESTADO FAMILIAR
Diciembre,,2,CANALIZACIÓNES A DIFERENTES AREAS,DIF
Diciembre,,,CANALIZACIÓNES A DIFERENTES AREAS,UBR
Enero,,,CANALIZACIÓNES A DIFERENTES AREAS,ARCHIVO MUNICIPAL
Enero,,33,CANALIZACIÓNES A DIFERENTES AREAS,LICENCIAS Y REGLAMENTOS
Enero,,,CANALIZACIÓNES A DIFERENTES AREAS,ADMINITRACIÓN
Enero,,,CANALIZACIÓNES A DIFERENTES AREAS,PLANEACIÓN
Enero,,61,CANALIZACIÓNES A DIFERENTES AREAS,DESARROLLO SOCIAL
Enero,,10,CANALIZACIÓNES A DIFERENTES AREAS,PUEBLOS INDIGENAS
Enero,,,CANALIZACIÓNES A DIFERENTES AREAS,TRANSPARENCIA
Enero,,20,CANALIZACIÓNES A DIFERENTES AREAS,ECOLOGÍA
Enero,,12,CANALIZACIÓNES A DIFERENTES AREAS,TURISMO
Enero,,2,CANALIZACIÓNES A DIFERENTES AREAS,COMUNICACIÓN SOCIAL
Enero,,12,CANALIZACIÓNES A DIFERENTES AREAS,ARTE Y CULTURA
Enero,,1,CANALIZACIÓNES A DIFERENTES AREAS,EVENTOS ESPECIALES
Enero,,8,CANALIZACIÓNES A DIFERENTES AREAS,BIBLIOTECAS
Enero,,22,CANALIZACIÓNES A DIFERENTES AREAS,DESARROLLO RURAL
Enero,,5,CANALIZACIÓNES A DIFERENTES AREAS,OBRAS PÚBLICAS
Enero,,15,CANALIZACIÓNES A DIFERENTES AREAS,CATASTRO
Enero,,1,CANALIZACIÓNES A DIFERENTES AREAS,ORGANO INTERNO DE CONTROL
Enero,,12,CANALIZACIÓNES A DIFERENTES AREAS,SECRETARIA GENERAL
Enero,,95,CANALIZACIÓNES A DIFERENTES AREAS,PRESIDENCIA
Enero,,18,CANALIZACIÓNES A DIFERENTES AREAS,JURIDICO MUNICIPAL
Enero,,6,CANALIZACIÓNES A DIFERENTES AREAS,COMUDE
Enero,,14,CANALIZACIÓNES A DIFERENTES AREAS,SERVICIOS PUBLICOS
Enero,,21,CANALIZACIÓNES A DIFERENTES AREAS,OFICIALIA MAYOR
Enero,,10,CANALIZACIÓNES A DIFERENTES AREAS,SEGURIDAD PUBLICA
Enero,,9,CANALIZACIÓNES A DIFERENTES AREAS,TRASLADOS
Enero,,10,CANALIZACIÓNES A DIFERENTES AREAS,CONCILIACION
Enero,,11,CANALIZACIÓNES A DIFERENTES AREAS,TESORERIA
Enero,,,CANALIZACIÓNES A DIFERENTES AREAS,RECAUDACIÓN
Enero,,51,CANALIZACIÓNES A DIFERENTES AREAS,REGISTRO DEL ESTADO FAMILIAR
Enero,,5,CANALIZACIÓNES A DIFERENTES AREAS,DIF
Enero,,,CANALIZACIÓNES A DIFERENTES AREAS,UBR
Febrero,,1,CANALIZACIÓNES A DIFERENTES AREAS,ARCHIVO MUNICIPAL
Febrero,,19,CANALIZACIÓNES A DIFERENTES AREAS,LICENCIAS Y REGLAMENTOS
Febrero,,,CANALIZACIÓNES A DIFERENTES AREAS,ADMINITRACIÓN
Febrero,,,CANALIZACIÓNES A DIFERENTES AREAS,PLANEACIÓN
Febrero,,35,CANALIZACIÓNES A DIFERENTES AREAS,DESARROLLO SOCIAL
Febrero,,5,CANALIZACIÓNES A DIFERENTES AREAS,PUEBLOS INDIGENAS
Febrero,,,CANALIZACIÓNES A DIFERENTES AREAS,TRANSPARENCIA
Febrero,,17,CANALIZACIÓNES A DIFERENTES AREAS,ECOLOGÍA
Febrero,,10,CANALIZACIÓNES A DIFERENTES AREAS,TURISMO
Febrero,,,CANALIZACIÓNES A DIFERENTES AREAS,COMUNICACIÓN SOCIAL
Febrero,,10,CANALIZACIÓNES A DIFERENTES AREAS,ARTE Y CULTURA
Febrero,,,CANALIZACIÓNES A DIFERENTES AREAS,EVENTOS ESPECIALES
Febrero,,3,CANALIZACIÓNES A DIFERENTES AREAS,BIBLIOTECAS
Febrero,,12,CANALIZACIÓNES A DIFERENTES AREAS,DESARROLLO RURAL
Febrero,,14,CANALIZACIÓNES A DIFERENTES AREAS,OBRAS PÚBLICAS
Febrero,,10,CANALIZACIÓNES A DIFERENTES AREAS,CATASTRO
Febrero,,0,CANALIZACIÓNES A DIFERENTES AREAS,ORGANO INTERNO DE CONTROL
Febrero,,15,CANALIZACIÓNES A DIFERENTES AREAS,SECRETARIA GENERAL
Febrero,,98,CANALIZACIÓNES A DIFERENTES AREAS,PRESIDENCIA
Febrero,,22,CANALIZACIÓNES A DIFERENTES AREAS,JURIDICO MUNICIPAL
Febrero,,5,CANALIZACIÓNES A DIFERENTES AREAS,COMUDE
Febrero,,20,CANALIZACIÓNES A DIFERENTES AREAS,SERVICIOS PUBLICOS
Febrero,,18,CANALIZACIÓNES A DIFERENTES AREAS,OFICIALIA MAYOR
Febrero,,6,CANALIZACIÓNES A DIFERENTES AREAS,SEGURIDAD PUBLICA
Febrero,,5,CANALIZACIÓNES A DIFERENTES AREAS,TRASLADOS
Febrero,,8,CANALIZACIÓNES A DIFERENTES AREAS,CONCILIACION
Febrero,,3,CANALIZACIÓNES A DIFERENTES AREAS,TESORERIA
Febrero,,1774,CANALIZACIÓNES A DIFERENTES AREAS,RECAUDACIÓN
Febrero,,,CANALIZACIÓNES A DIFERENTES AREAS,REGISTRO DEL ESTADO FAMILIAR
Febrero,,18,CANALIZACIÓNES A DIFERENTES AREAS,DIF
Febrero,,,CANALIZACIÓNES A DIFERENTES AREAS,UBR
septiembre,,,CANALIZACIÓNES A DIFERENTES AREAS,ARCHIVO MUNICIPAL
septiembre,,5,CANALIZACIÓNES A DIFERENTES AREAS,LICENCIAS Y REGLAMENTOS
septiembre,,,CANALIZACIÓNES A DIFERENTES AREAS,ADMINITRACIÓN
septiembre,,,CANALIZACIÓNES A DIFERENTES AREAS,PLANEACIÓN
septiembre,,10,CANALIZACIÓNES A DIFERENTES AREAS,DESARROLLO SOCIAL
septiembre,,2,CANALIZACIÓNES A DIFERENTES AREAS,PUEBLOS INDIGENAS
septiembre,,,CANALIZACIÓNES A DIFERENTES AREAS,TRANSPARENCIA
septiembre,,7,CANALIZACIÓNES A DIFERENTES AREAS,ECOLOGÍA
septiembre,,,CANALIZACIÓNES A DIFERENTES AREAS,TURISMO
septiembre,,,CANALIZACIÓNES A DIFERENTES AREAS,COMUNICACIÓN SOCIAL
septiembre,,,CANALIZACIÓNES A DIFERENTES AREAS,ARTE Y CULTURA
septiembre,,,CANALIZACIÓNES A DIFERENTES AREAS,EVENTOS ESPECIALES
septiembre,,2,CANALIZACIÓNES A DIFERENTES AREAS,BIBLIOTECAS
septiembre,,4,CANALIZACIÓNES A DIFERENTES AREAS,DESARROLLO RURAL
septiembre,,3,CANALIZACIÓNES A DIFERENTES AREAS,OBRAS PÚBLICAS
septiembre,,5,CANALIZACIÓNES A DIFERENTES AREAS,CATASTRO
septiembre,,,CANALIZACIÓNES A DIFERENTES AREAS,ORGANO INTERNO DE CONTROL
septiembre,,15,CANALIZACIÓNES A DIFERENTES AREAS,SECRETARIA GENERAL
septiembre,,94,CANALIZACIÓNES A DIFERENTES AREAS,PRESIDENCIA
septiembre,,,CANALIZACIÓNES A DIFERENTES AREAS,JURIDICO MUNICIPAL
septiembre,,2,CANALIZACIÓNES A DIFERENTES AREAS,COMUDE
septiembre,,,CANALIZACIÓNES A DIFERENTES AREAS,SERVICIOS PUBLICOS
septiembre,,1,CANALIZACIÓNES A DIFERENTES AREAS,OFICIALIA MAYOR
septiembre,,,CANALIZACIÓNES A DIFERENTES AREAS,SEGURIDAD PUBLICA
septiembre,,,CANALIZACIÓNES A DIFERENTES AREAS,TRASLADOS
septiembre,,,CANALIZACIÓNES A DIFERENTES AREAS,CONCILIACION
septiembre,,,CANALIZACIÓNES A DIFERENTES AREAS,TESORERIA
septiembre,,820,CANALIZACIÓNES A DIFERENTES AREAS,RECAUDACIÓN
septiembre,,851,CANALIZACIÓNES A DIFERENTES AREAS,REGISTRO DEL ESTADO FAMILIAR
septiembre,,,CANALIZACIÓNES A DIFERENTES AREAS,DIF
septiembre,,,CANALIZACIÓNES A DIFERENTES AREAS,UBR
Noviembre,,,CANALIZACIÓNES A DIFERENTES AREAS,ARCHIVO MUNICIPAL
Noviembre,,10,CANALIZACIÓNES A DIFERENTES AREAS,LICENCIAS Y REGLAMENTOS
Noviembre,,,CANALIZACIÓNES A DIFERENTES AREAS,ADMINITRACIÓN
Noviembre,,,CANALIZACIÓNES A DIFERENTES AREAS,PLANEACIÓN
Noviembre,,200,CANALIZACIÓNES A DIFERENTES AREAS,DESARROLLO SOCIAL
Noviembre,,,CANALIZACIÓNES A DIFERENTES AREAS,PUEBLOS INDIGENAS
Noviembre,,,CANALIZACIÓNES A DIFERENTES AREAS,TRANSPARENCIA
Noviembre,,8,CANALIZACIÓNES A DIFERENTES AREAS,ECOLOGÍA
Noviembre,,5,CANALIZACIÓNES A DIFERENTES AREAS,TURISMO
Noviembre,,,CANALIZACIÓNES A DIFERENTES AREAS,COMUNICACIÓN SOCIAL
Noviembre,,,CANALIZACIÓNES A DIFERENTES AREAS,ARTE Y CULTURA
Noviembre,,,CANALIZACIÓNES A DIFERENTES AREAS,EVENTOS ESPECIALES
Noviembre,,2,CANALIZACIÓNES A DIFERENTES AREAS,BIBLIOTECAS
Noviembre,,22,CANALIZACIÓNES A DIFERENTES AREAS,DESARROLLO RURAL
Noviembre,,4,CANALIZACIÓNES A DIFERENTES AREAS,OBRAS PÚBLICAS
Noviembre,,3,CANALIZACIÓNES A DIFERENTES AREAS,CATASTRO
Noviembre,,1,CANALIZACIÓNES A DIFERENTES AREAS,ORGANO INTERNO DE CONTROL
Noviembre,,22,CANALIZACIÓNES A DIFERENTES AREAS,SECRETARIA GENERAL
Noviembre,,103,CANALIZACIÓNES A DIFERENTES AREAS,PRESIDENCIA
Noviembre,,15,CANALIZACIÓNES A DIFERENTES AREAS,JURIDICO MUNICIPAL
Noviembre,,3,CANALIZACIÓNES A DIFERENTES AREAS,COMUDE
Noviembre,,28,CANALIZACIÓNES A DIFERENTES AREAS,SERVICIOS PUBLICOS
Noviembre,,4,CANALIZACIÓNES A DIFERENTES AREAS,OFICIALIA MAYOR
Noviembre,,,CANALIZACIÓNES A DIFERENTES AREAS,SEGURIDAD PUBLICA
Noviembre,,,CANALIZACIÓNES A DIFERENTES AREAS,TRASLADOS
Noviembre,,6,CANALIZACIÓNES A DIFERENTES AREAS,CONCILIACION
Noviembre,,,CANALIZACIÓNES A DIFERENTES AREAS,TESORERIA
Noviembre,,813,CANALIZACIÓNES A DIFERENTES AREAS,RECAUDACIÓN
Noviembre,,,CANALIZACIÓNES A DIFERENTES AREAS,REGISTRO DEL ESTADO FAMILIAR
Noviembre,,,CANALIZACIÓNES A DIFERENTES AREAS,DIF
Noviembre,,,CANALIZACIÓNES A DIFERENTES AREAS,UBR
Octubre,,,CANALIZACIÓNES A DIFERENTES AREAS,ARCHIVO MUNICIPAL
Octubre,,1,CANALIZACIÓNES A DIFERENTES AREAS,LICENCIAS Y REGLAMENTOS
Octubre,,,CANALIZACIÓNES A DIFERENTES AREAS,ADMINITRACIÓN
Octubre,,,CANALIZACIÓNES A DIFERENTES AREAS,PLANEACIÓN
Octubre,,3,CANALIZACIÓNES A DIFERENTES AREAS,DESARROLLO SOCIAL
Octubre,,,CANALIZACIÓNES A DIFERENTES AREAS,PUEBLOS INDIGENAS
Octubre,,,CANALIZACIÓNES A DIFERENTES AREAS,TRANSPARENCIA
Octubre,,,CANALIZACIÓNES A DIFERENTES AREAS,ECOLOGÍA
Octubre,,,CANALIZACIÓNES A DIFERENTES AREAS,TURISMO
Octubre,,,CANALIZACIÓNES A DIFERENTES AREAS,COMUNICACIÓN SOCIAL
Octubre,,,CANALIZACIÓNES A DIFERENTES AREAS,ARTE Y CULTURA
Octubre,,,CANALIZACIÓNES A DIFERENTES AREAS,EVENTOS ESPECIALES
Octubre,,,CANALIZACIÓNES A DIFERENTES AREAS,BIBLIOTECAS
Octubre,,,CANALIZACIÓNES A DIFERENTES AREAS,DESARROLLO RURAL
Octubre,,2,CANALIZACIÓNES A DIFERENTES AREAS,OBRAS PÚBLICAS
Octubre,,1,CANALIZACIÓNES A DIFERENTES AREAS,CATASTRO
Octubre,,,CANALIZACIÓNES A DIFERENTES AREAS,ORGANO INTERNO DE CONTROL
Octubre,,5,CANALIZACIÓNES A DIFERENTES AREAS,SECRETARIA GENERAL
Octubre,,12,CANALIZACIÓNES A DIFERENTES AREAS,PRESIDENCIA
Octubre,,,CANALIZACIÓNES A DIFERENTES AREAS,JURIDICO MUNICIPAL
Octubre,,2,CANALIZACIÓNES A DIFERENTES AREAS,COMUDE
Octubre,,10,CANALIZACIÓNES A DIFERENTES AREAS,SERVICIOS PUBLICOS
Octubre,,5,CANALIZACIÓNES A DIFERENTES AREAS,OFICIALIA MAYOR
Octubre,,,CANALIZACIÓNES A DIFERENTES AREAS,SEGURIDAD PUBLICA
Octubre,,,CANALIZACIÓNES A DIFERENTES AREAS,TRASLADOS
Octubre,,1,CANALIZACIÓNES A DIFERENTES AREAS,CONCILIACION
Octubre,,,CANALIZACIÓNES A DIFERENTES AREAS,TESORERIA
Octubre,,,CANALIZACIÓNES A DIFERENTES AREAS,RECAUDACIÓN
Octubre,,,CANALIZACIÓNES A DIFERENTES AREAS,REGISTRO DEL ESTADO FAMILIAR
Octubre,,,CANALIZACIÓNES A DIFERENTES AREAS,DIF
Octubre,,,CANALIZACIÓNES A DIFERENTES AREAS,UBR
