mes,Localidad,Descripcion de estos,Asesorías jurídicas en materia de regularización de tenencia de la tierra,Asesorias juridicas en materia civil-familiar,Juicios de obras públicas en curso,Canalizaciones en materia de Juicios de Pension Alimenticia,Correcciones de actas ante el registro del estado de Hidalgo.,"Convenios, contratos o acuerdos revisados y formalizados con la ciudadania",Apoyo en Audiencias de Juzgado Conciliador,Apoyo a Visitaduria Agraria,Catastro en Deslindes y/o Rectificacion de Medidas,Actas informativas realizadas para el Registro civil,Revicion de documentos para inscripcion al Padron,Revision de documentos para Traslados de Dominio,Revision de Documentos para Avaluos,Deslindes realizados por el àrea,,,,MES,Asesoria juridicas por area,Total de Asesorias,actividad,,Mes,Nombre del proveedor,Total de contratos,actividad,,Mes,Tema de la recomendación,Estatus,actividad
ENERO,ACUATLA,,,,,,,,,,,,,,,,,,,SEPTIEMBRE,Servicios publicos,6,ASESORIAS INTERNAS A LAS ÁREAS DEL AYUNTAMIENTO,,Septiembre,Asociación Ganadera,1,CONTRATOS REALIZADOS CON EMPRESAS / EXTERNOS,,Septiembre,Violación a la integridad de una Persona,En Proceso,SEGUIMIENTO A TEMAS DE CNDH
ENERO,AHUAYO,,6,,,,,,,,,,,,,,,,,SEPTIEMBRE,Instancia de la Mujer,11,ASESORIAS INTERNAS A LAS ÁREAS DEL AYUNTAMIENTO,,Septiembre,C. Alondra Olguin,1,CONTRATOS REALIZADOS CON EMPRESAS / EXTERNOS,,Diciembre,Intervencion Respecto a la Construción de un Inmueble,En Proceso,SEGUIMIENTO A TEMAS DE CNDH
ENERO,ÁLAMO,,,,,,,,,,,,,,,,,,,SEPTIEMBRE,Juzgado conciliador,35,ASESORIAS INTERNAS A LAS ÁREAS DEL AYUNTAMIENTO,,Septiembre,C. Elizabeth Martinez Guerrero,1,CONTRATOS REALIZADOS CON EMPRESAS / EXTERNOS,,,,,
ENERO,AMIXCO,,,,,,,,,,,,,,,,,,,SEPTIEMBRE,Catastro,78,ASESORIAS INTERNAS A LAS ÁREAS DEL AYUNTAMIENTO,,Noviembre,C. Rita Escobar de la Cruz,1,CONTRATOS REALIZADOS CON EMPRESAS / EXTERNOS,,,,,
ENERO,ARROYO BLANCO,,,,,,,,,,,,,,1,,,,,SEPTIEMBRE,Obras publicas,23,ASESORIAS INTERNAS A LAS ÁREAS DEL AYUNTAMIENTO,,Enero,Convenio con el IMSS,1,CONTRATOS REALIZADOS CON EMPRESAS / EXTERNOS,,,,,
ENERO,ARROYO DE ACAXTLA,,,,,,1,,,,,,,,,,,,,SEPTIEMBRE,Asamblea,2,ASESORIAS INTERNAS A LAS ÁREAS DEL AYUNTAMIENTO,,Febrero,Convenio con la Defensoria,1,CONTRATOS REALIZADOS CON EMPRESAS / EXTERNOS,,,,,
ENERO,BUENA VISTA,,,,,,,,,,,,,,,,,,,SEPTIEMBRE,Licencias y Reglamentos,5,ASESORIAS INTERNAS A LAS ÁREAS DEL AYUNTAMIENTO,,Febrero,Contrato de Arrendamiento en San Rafael,1,CONTRATOS REALIZADOS CON EMPRESAS / EXTERNOS,,,,,
ENERO,CABECERA MPAL,contrato de donacion,45,25,,2,5,1,3,,,,1,6,11,,,,,SEPTIEMBRE,Registro civil,,ASESORIAS INTERNAS A LAS ÁREAS DEL AYUNTAMIENTO,,Febrero,Contrato de Arrendamiento SEGALMEX,1,CONTRATOS REALIZADOS CON EMPRESAS / EXTERNOS,,,,,
ENERO,CAHUAZAS,,3,,,,,,,,,,1,1,,,,,,SEPTIEMBRE,Proteccion Civil,,ASESORIAS INTERNAS A LAS ÁREAS DEL AYUNTAMIENTO,,Febrero,Contrato de Arrendamiento en el Zacatal,1,CONTRATOS REALIZADOS CON EMPRESAS / EXTERNOS,,,,,
ENERO,CARRIZAL DE TENANGO,,3,,,,,,,,,,,,,,,,,SEPTIEMBRE,Seguridad Publica,2,ASESORIAS INTERNAS A LAS ÁREAS DEL AYUNTAMIENTO,,,,,,,,,,
ENERO,CARRIZAL DEL SOTANO,,2,,,,,,,,,,,,,,,,,OCTUBRE,Servicios publicos,10,ASESORIAS INTERNAS A LAS ÁREAS DEL AYUNTAMIENTO,,,,,,,,,,
ENERO,EL AMOLAR,,2,,,,,,,,,,,1,,,,,,OCTUBRE,Instancia de la Mujer,8,ASESORIAS INTERNAS A LAS ÁREAS DEL AYUNTAMIENTO,,,,,,,,,,
ENERO,EL BANCO,,2,,,1,1,,,,,,,1,,,,,,OCTUBRE,Juzgado conciliador,30,ASESORIAS INTERNAS A LAS ÁREAS DEL AYUNTAMIENTO,,,,,,,,,,
ENERO,EL BARRIO,,5,4,,1,,,,,,,,,,,,,,OCTUBRE,Catastro,60,ASESORIAS INTERNAS A LAS ÁREAS DEL AYUNTAMIENTO,,,,,,,,,,
ENERO,EL CAMPANARIO,,1,2,,,,,,,,,,,,,,,,OCTUBRE,Obras publicas,,ASESORIAS INTERNAS A LAS ÁREAS DEL AYUNTAMIENTO,,,,,,,,,,
ENERO,EL CAPULÍN,,3,1,,,,,,,,,,,1,,,,,OCTUBRE,Asamblea,,ASESORIAS INTERNAS A LAS ÁREAS DEL AYUNTAMIENTO,,,,,,,,,,
ENERO,EL COYOL,,2,1,,,,,,,,,,,,,,,,OCTUBRE,Licencias y Reglamentos,3,ASESORIAS INTERNAS A LAS ÁREAS DEL AYUNTAMIENTO,,,,,,,,,,
ENERO,EL HUALUL,,,,,,,,,,,,,,,,,,,OCTUBRE,Registro civil,,ASESORIAS INTERNAS A LAS ÁREAS DEL AYUNTAMIENTO,,,,,,,,,,
ENERO,EL LIMONCITO,,2,,,,,,,,,,,,,,,,,OCTUBRE,Proteccion Civil,,ASESORIAS INTERNAS A LAS ÁREAS DEL AYUNTAMIENTO,,,,,,,,,,
ENERO,EL OCOTE,,2,,,,,,,,,,,1,,,,,,OCTUBRE,Seguridad Publica,,ASESORIAS INTERNAS A LAS ÁREAS DEL AYUNTAMIENTO,,,,,,,,,,
ENERO,EL PESCADO,,2,,,,,,,,,,,,,,,,,NOVIEMBRE,Servicios publicos,8,ASESORIAS INTERNAS A LAS ÁREAS DEL AYUNTAMIENTO,,,,,,,,,,
ENERO,EL SABINO,,,,,,,,,,,,,,,,,,,NOVIEMBRE,Instancia de la Mujer,10,ASESORIAS INTERNAS A LAS ÁREAS DEL AYUNTAMIENTO,,,,,,,,,,
ENERO,EL SOTANO,,1,,,,,,,1,,,,,,,,,,NOVIEMBRE,Juzgado conciliador,25,ASESORIAS INTERNAS A LAS ÁREAS DEL AYUNTAMIENTO,,,,,,,,,,
ENERO,EL ZACATAL,,9,3,,,,,,,,,,,,,,,,NOVIEMBRE,Catastro,30,ASESORIAS INTERNAS A LAS ÁREAS DEL AYUNTAMIENTO,,,,,,,,,,
ENERO,HUATEPANGO,,,,,,1,,,,,,,1,1,,,,,NOVIEMBRE,Obras publicas,,ASESORIAS INTERNAS A LAS ÁREAS DEL AYUNTAMIENTO,,,,,,,,,,
ENERO,IGLESIA VIEJA,,10,3,,,,,,,,,,1,,,,,,NOVIEMBRE,Asamblea,1,ASESORIAS INTERNAS A LAS ÁREAS DEL AYUNTAMIENTO,,,,,,,,,,
ENERO,LA CEIBA,,,,,,,,,,,,,,,,,,,NOVIEMBRE,Licencias y Reglamentos,2,ASESORIAS INTERNAS A LAS ÁREAS DEL AYUNTAMIENTO,,,,,,,,,,
ENERO,LA CEIBITA,,,,,,,,,,,,,1,,,,,,NOVIEMBRE,Registro civil,,ASESORIAS INTERNAS A LAS ÁREAS DEL AYUNTAMIENTO,,,,,,,,,,
ENERO,LA ESCONDIDA,,4,2,,,1,,,,,,,,,,,,,NOVIEMBRE,Proteccion Civil,,ASESORIAS INTERNAS A LAS ÁREAS DEL AYUNTAMIENTO,,,,,,,,,,
ENERO,LA ESTANCIA,,4,,,,,,,,,,,2,,,,,,NOVIEMBRE,Seguridad Publica,1,ASESORIAS INTERNAS A LAS ÁREAS DEL AYUNTAMIENTO,,,,,,,,,,
ENERO,LA GUAYABA,,,,,,,,,,,,,,,,,,,DICIEMBRE,Servicios publicos,6,ASESORIAS INTERNAS A LAS ÁREAS DEL AYUNTAMIENTO,,,,,,,,,,
ENERO,LA HONDURA,,2,,,,,,,,,,,,,,,,,DICIEMBRE,Instancia de la Mujer,8,ASESORIAS INTERNAS A LAS ÁREAS DEL AYUNTAMIENTO,,,,,,,,,,
ENERO,LA JOYA DEL ZOPILOTE,,,,,,,,,,,,,,,,,,,DICIEMBRE,Juzgado conciliador,10,ASESORIAS INTERNAS A LAS ÁREAS DEL AYUNTAMIENTO,,,,,,,,,,
ENERO,LA LOMA,,25,3,,,1,,1,,,,,2,,,,,,DICIEMBRE,Catastro,30,ASESORIAS INTERNAS A LAS ÁREAS DEL AYUNTAMIENTO,,,,,,,,,,
ENERO,LA LOMITA,,,,,,,,,,,,,,,,,,,DICIEMBRE,Obras publicas,,ASESORIAS INTERNAS A LAS ÁREAS DEL AYUNTAMIENTO,,,,,,,,,,
ENERO,LA MESA,,2,,,,,,,,,,,,,,,,,DICIEMBRE,Asamblea,2,ASESORIAS INTERNAS A LAS ÁREAS DEL AYUNTAMIENTO,,,,,,,,,,
ENERO,LA PIEDRA,,,,,,,,,,,,,,,,,,,DICIEMBRE,Licencias y Reglamentos,2,ASESORIAS INTERNAS A LAS ÁREAS DEL AYUNTAMIENTO,,,,,,,,,,
ENERO,LA SIERRITA,,,,,,,,,,,,,,,,,,,DICIEMBRE,Registro civil,,ASESORIAS INTERNAS A LAS ÁREAS DEL AYUNTAMIENTO,,,,,,,,,,
ENERO,LAS ANTENAS,,,,,,,,,,,,,,1,,,,,DICIEMBRE,Proteccion Civil,,ASESORIAS INTERNAS A LAS ÁREAS DEL AYUNTAMIENTO,,,,,,,,,,
ENERO,LAS CAMPANAS,,,,,,,,,,,,,,,,,,,DICIEMBRE,Seguridad Publica,,ASESORIAS INTERNAS A LAS ÁREAS DEL AYUNTAMIENTO,,,,,,,,,,
ENERO,LAS CIRUELAS,,,,,,,,,,,,,,,,,,,ENERO,Servicios publicos,5,ASESORIAS INTERNAS A LAS ÁREAS DEL AYUNTAMIENTO,,,,,,,,,,
ENERO,LAS GOLONDRINAS,,,,,,,,,,,,,,,,,,,ENERO,Instancia de la Mujer,8,ASESORIAS INTERNAS A LAS ÁREAS DEL AYUNTAMIENTO,,,,,,,,,,
ENERO,LAS MINAS,,3,,,,,,,,,,,,,,,,,ENERO,Juzgado conciliador,10,ASESORIAS INTERNAS A LAS ÁREAS DEL AYUNTAMIENTO,,,,,,,,,,
ENERO,LOS NARANJOS,,,,,,,,,,,,,,,,,,,ENERO,Catastro,35,ASESORIAS INTERNAS A LAS ÁREAS DEL AYUNTAMIENTO,,,,,,,,,,
ENERO,MIAHUATLA,,3,1,,,,,,,,,,,,,,,,ENERO,Obras publicas,,ASESORIAS INTERNAS A LAS ÁREAS DEL AYUNTAMIENTO,,,,,,,,,,
ENERO,NEBLINAS,,9,4,,,,,,1,,,,,,,,,,ENERO,Asamblea,6,ASESORIAS INTERNAS A LAS ÁREAS DEL AYUNTAMIENTO,,,,,,,,,,
ENERO,NUEVO COYOLAR,,,,,,,,,,,,,,,,,,,ENERO,Licencias y Reglamentos,3,ASESORIAS INTERNAS A LAS ÁREAS DEL AYUNTAMIENTO,,,,,,,,,,
ENERO,OJO DE AGUA BO. ABAJO,,3,1,,,,,,,,,,,,,,,,ENERO,Registro civil,,ASESORIAS INTERNAS A LAS ÁREAS DEL AYUNTAMIENTO,,,,,,,,,,
ENERO,OJO DE AGUA BO. ARRIBA,,2,,,,,,,,,,,,,,,,,ENERO,Proteccion Civil,,ASESORIAS INTERNAS A LAS ÁREAS DEL AYUNTAMIENTO,,,,,,,,,,
ENERO,PALO SEMITA,,5,3,,,2,,,,,,,1,,,,,,ENERO,Seguridad Publica,,ASESORIAS INTERNAS A LAS ÁREAS DEL AYUNTAMIENTO,,,,,,,,,,
ENERO,PALO VERDE,,2,,,1,1,,,,,,,,,,,,,FEBRERO,Servicios publicos,4,ASESORIAS INTERNAS A LAS ÁREAS DEL AYUNTAMIENTO,,,,,,,,,,
ENERO,PALOMAS,,4,2,,,,,,,,,,,,,,,,FEBRERO,Instancia de la Mujer,5,ASESORIAS INTERNAS A LAS ÁREAS DEL AYUNTAMIENTO,,,,,,,,,,
ENERO,PARED GRUESA,,,,,1,,,,,,,,,,,,,,FEBRERO,Juzgado conciliador,8,ASESORIAS INTERNAS A LAS ÁREAS DEL AYUNTAMIENTO,,,,,,,,,,
ENERO,PIEDRA ANCHA,,4,1,,,,,,,,,,,,,,,,FEBRERO,Catastro,28,ASESORIAS INTERNAS A LAS ÁREAS DEL AYUNTAMIENTO,,,,,,,,,,
ENERO,PLAN DE GUADALUPE,,5,2,,,1,,,,,,,,,,,,,FEBRERO,Obras publicas,2,ASESORIAS INTERNAS A LAS ÁREAS DEL AYUNTAMIENTO,,,,,,,,,,
ENERO,PUERTO DEL AMOLAR,,4,1,,,,,,,,,,,,,,,,FEBRERO,Asamblea,3,ASESORIAS INTERNAS A LAS ÁREAS DEL AYUNTAMIENTO,,,,,,,,,,
ENERO,PUERTO DEL CABALLO,,2,,,,,,,,,,,,,,,,,FEBRERO,Licencias y Reglamentos,2,ASESORIAS INTERNAS A LAS ÁREAS DEL AYUNTAMIENTO,,,,,,,,,,
ENERO,PUERTO DEL GALLO,,,,,,,,,,,,,,,,,,,FEBRERO,Registro civil,,ASESORIAS INTERNAS A LAS ÁREAS DEL AYUNTAMIENTO,,,,,,,,,,
ENERO,PUERTO DEL TAMBOR,,,,,,,,,,,,,,,,,,,FEBRERO,Proteccion Civil,,ASESORIAS INTERNAS A LAS ÁREAS DEL AYUNTAMIENTO,,,,,,,,,,
ENERO,PUERTO OBSCURO,,8,3,,,,,,,,,,,,,,,,FEBRERO,Seguridad Publica,,ASESORIAS INTERNAS A LAS ÁREAS DEL AYUNTAMIENTO,,,,,,,,,,
ENERO,RANCHO NUEVO,,5,,,1,1,,,,,,,1,1,,,,,,,,,,,,,,,,,,
ENERO,RANCHO NUEVO PUERTO DEL GALLO,,,,,1,,,,,,,,,,,,,,,,,,,,,,,,,,,
ENERO,REFORMA DE PALO SEMITA,,3,,,1,1,,,,,,,,,,,,,,,,,,,,,,,,,,
ENERO,SAN RAFAEL,,6,,,,3,,,,,,,,,,,,,,,,,,,,,,,,,,
ENERO,SANTA ANA DE ALLENDE,contrato de donacion,20,10,,2,1,1,,,,,,,,,,,,,,,,,,,,,,,,,
ENERO,SANTA MARÍA DE ÁLAMOS,,10,2,,,,,,,,,,,,,,,,,,,,,,,,,,,,,
 ENERO , SAUCILLO AGUA NUEVA ,,,,,,,,,,,,,,,,,,,,,,,,,,,,,,,,
ENERO,SOLEDAD DEL COYOL,,5,1,,,,,,,,,,,,,,,,,,,,,,,,,,,,,
ENERO,TENANGO,,8,,1,,,,,,,,,,,,,,,,,,,,,,,,,,,,
ENERO,TETLALPAN,,4,,,,,,,5,,,,,,,,,,,,,,,,,,,,,,,
ENERO,TOCAPA,,,,,,,,,,,,,,,,,,,,,,,,,,,,,,,,
ENERO,ZACATE GRANDE,,15,4,,,2,,,2,,,,,,,,,,,,,,,,,,,,,,,
ENERO,ZIMAPANITO,,,,,,,,,,,,,,,,,,,,,,,,,,,,,,,,
FEBRERO,ACUATLA,,,,,,,,,,,,,,,,,,,,,,,,,,,,,,,,
FEBRERO,AHUAYO,,6,,,,,,,3,,,,,,,,,,,,,,,,,,,,,,,
FEBRERO,ÁLAMO,,2,,,,,,,,,,,,,,,,,,,,,,,,,,,,,,
FEBRERO,AMIXCO,,,,,,,,,,,,,,,,,,,,,,,,,,,,,,,,
FEBRERO,ARROYO BLANCO,,,,,,,,,,,,,,,,,,,,,,,,,,,,,,,,
FEBRERO,ARROYO DE ACAXTLA,,,,,,1,,,,,,,,,,,,,,,,,,,,,,,,,,
FEBRERO,BUENA VISTA,,,,,,,,,,,,,,,,,,,,,,,,,,,,,,,,
FEBRERO,CABECERA MPAL,contrato de donacion,30,13,,2,5,3,5,3,,1,,5,6,,,,,,,,,,,,,,,,,,
FEBRERO,CAHUAZAS,,6,,,,,,,,,,,,1,,,,,,,,,,,,,,,,,,
FEBRERO,CARRIZAL DE TENANGO,,3,,,,,,,,,,,,,,,,,,,,,,,,,,,,,,
FEBRERO,CARRIZAL DEL SOTANO,,1,,,,,,,,,,,,,,,,,,,,,,,,,,,,,,
FEBRERO,EL AMOLAR,,8,,,,,,,,,,,,,,,,,,,,,,,,,,,,,,
FEBRERO,EL BANCO,,3,,,1,1,,,,,,,1,,,,,,,,,,,,,,,,,,,
FEBRERO,EL BARRIO,,8,3,,1,,,,,,,,,1,,,,,,,,,,,,,,,,,,
FEBRERO,EL CAMPANARIO,,,,,,,,,,,,,,,,,,,,,,,,,,,,,,,,
FEBRERO,EL CAPULÍN,,,,,,,,,,,,,1,,,,,,,,,,,,,,,,,,,
FEBRERO,EL COYOL,,3,,,,,,,,,,,,,,,,,,,,,,,,,,,,,,
FEBRERO,EL HUALUL,,,,,,,,,,,,,,,,,,,,,,,,,,,,,,,,
FEBRERO,EL LIMONCITO,,5,,,,,,,,,,,,,,,,,,,,,,,,,,,,,,
FEBRERO,EL OCOTE,,3,,,,,,,,,,,,,,,,,,,,,,,,,,,,,,
FEBRERO,EL PESCADO,,1,,,,,,,,,,,,,,,,,,,,,,,,,,,,,,
FEBRERO,EL SABINO,,,,,,,,,,,,,,,,,,,,,,,,,,,,,,,,
FEBRERO,EL SOTANO,,,,,,,,,,,,,,,,,,,,,,,,,,,,,,,,
FEBRERO,EL ZACATAL,,10,,,,,,,2,,,,,,,,,,,,,,,,,,,,,,,
FEBRERO,HUATEPANGO,,2,,,,1,,,,,,,,,,,,,,,,,,,,,,,,,,
FEBRERO,IGLESIA VIEJA,,8,,,,,,,,,,1,,,,,,,,,,,,,,,,,,,,
FEBRERO,LA CEIBA,,8,,,,,,,,,,,,,,,,,,,,,,,,,,,,,,
FEBRERO,LA CEIBITA,,2,,,,,,,,,,,,,,,,,,,,,,,,,,,,,,
FEBRERO,LA ESCONDIDA,,4,,,,1,,,,,,,,,,,,,,,,,,,,,,,,,,
FEBRERO,LA ESTANCIA,,4,,,,,,,,,,,,,,,,,,,,,,,,,,,,,,
FEBRERO,LA GUAYABA,,,,,,,,,,,,,,,,,,,,,,,,,,,,,,,,
FEBRERO,LA HONDURA,,1,,,,,,,,,,,,,,,,,,,,,,,,,,,,,,
FEBRERO,LA JOYA DEL ZOPILOTE,,,,,,,,,,,,,,,,,,,,,,,,,,,,,,,,
FEBRERO,LA LOMA,,15,5,,,1,,,,,1,,3,,,,,,,,,,,,,,,,,,,
FEBRERO,LA LOMITA,,3,,,,,,,,,,,,,,,,,,,,,,,,,,,,,,
FEBRERO,LA MESA,,3,,,,,,,,,,,,,,,,,,,,,,,,,,,,,,
FEBRERO,LA PIEDRA,,2,,,,,,,,,,,,,,,,,,,,,,,,,,,,,,
FEBRERO,LA SIERRITA,,,,,,,,,,,,,,,,,,,,,,,,,,,,,,,,
FEBRERO,LAS ANTENAS,,,,,,,,,,,,,,,,,,,,,,,,,,,,,,,,
FEBRERO,LAS CAMPANAS,,,,,,,,,,,,,,,,,,,,,,,,,,,,,,,,
FEBRERO,LAS CIRUELAS,,3,,,,,,,,,,,1,1,,,,,,,,,,,,,,,,,,
FEBRERO,LAS GOLONDRINAS,,,,,,,,,,,,,,,,,,,,,,,,,,,,,,,,
FEBRERO,LAS MINAS,,2,,,,,,,,,1,,,,,,,,,,,,,,,,,,,,,
FEBRERO,LOS NARANJOS,,,,,,,,,,,,,,,,,,,,,,,,,,,,,,,,
FEBRERO,MIAHUATLA,,4,,,,,,1,,,,,,,,,,,,,,,,,,,,,,,,
FEBRERO,NEBLINAS,,10,,,,,,,3,,,,,,,,,,,,,,,,,,,,,,,
FEBRERO,NUEVO COYOLAR,,,,,,,,,,,,,,,,,,,,,,,,,,,,,,,,
FEBRERO,OJO DE AGUA BO. ABAJO,,3,,,,,,,,,,,,,,,,,,,,,,,,,,,,,,
FEBRERO,OJO DE AGUA BO. ARRIBA,,3,,,,,,,,,,,,,,,,,,,,,,,,,,,,,,
FEBRERO,PALO SEMITA,,4,,,,2,,,,,,,1,,,,,,,,,,,,,,,,,,,
FEBRERO,PALO VERDE,,,,,1,1,,,,,,,,,,,,,,,,,,,,,,,,,,
FEBRERO,PALOMAS,,2,,,,,,,,,,,,,,,,,,,,,,,,,,,,,,
FEBRERO,PARED GRUESA,,2,,,1,,,,,,,,,,,,,,,,,,,,,,,,,,,
FEBRERO,PIEDRA ANCHA,,3,,,,,,,,,,,,,,,,,,,,,,,,,,,,,,
FEBRERO,PLAN DE GUADALUPE,,2,,,,1,,,,,,,,,,,,,,,,,,,,,,,,,,
FEBRERO,PUERTO DEL AMOLAR,,5,,,,,,,,,,,,,,,,,,,,,,,,,,,,,,
FEBRERO,PUERTO DEL CABALLO,,1,,,,,,,,,,,,,,,,,,,,,,,,,,,,,,
FEBRERO,PUERTO DEL GALLO,,,,,,,,,,,,,,,,,,,,,,,,,,,,,,,,
FEBRERO,PUERTO DEL TAMBOR,contrato de donacion,2,,,,,1,,,,,,,,,,,,,,,,,,,,,,,,,
FEBRERO,PUERTO OBSCURO,,8,,,,,,,,,,,,,,,,,,,,,,,,,,,,,,
FEBRERO,RANCHO NUEVO,,3,2,,1,1,,,,,,,,,,,,,,,,,,,,,,,,,,
FEBRERO,RANCHO NUEVO PUERTO DEL GALLO,,,3,,1,,,,,,,,,,,,,,,,,,,,,,,,,,,
FEBRERO,REFORMA DE PALO SEMITA,,,,,1,1,,,,,,,,,,,,,,,,,,,,,,,,,,
FEBRERO,SAN RAFAEL,,12,1,,,3,,,2,,,1,,,,,,,,,,,,,,,,,,,,
FEBRERO,SANTA ANA DE ALLENDE,contrato de compraventa,18,8,,2,1,1,2,,,,,1,1,,,,,,,,,,,,,,,,,,
FEBRERO,SANTA MARÍA DE ÁLAMOS,,7,2,,,,,,,,,,,,,,,,,,,,,,,,,,,,,
FEBRERO,SAUCILLO AGUA NUEVA,,3,,,,,,,,,,,,,,,,,,,,,,,,,,,,,,
FEBRERO,SOLEDAD DEL COYOL,,,,,,,,,,,,,,,,,,,,,,,,,,,,,,,,
FEBRERO,TENANGO,,3,4,1,,,,,,,,,,3,,,,,,,,,,,,,,,,,,
FEBRERO,TETLALPAN,,1,,,,,,,5,,,,1,,,,,,,,,,,,,,,,,,,
FEBRERO,TOCAPA,,,,,,,,,,,,,,,,,,,,,,,,,,,,,,,,
FEBRERO,ZACATE GRANDE,,6,,,,2,,,2,,,,,1,,,,,,,,,,,,,,,,,,
FEBRERO,ZIMAPANITO,,,,,,,,,,,,,,,,,,,,,,,,,,,,,,,,
SEPTIEMBRE,ACUATLA,,,,,,,,,,,,,,,,,,,,,,,,,,,,,,,,
SEPTIEMBRE,AHUAYO,,1,,,,,,,,,,,,,,,,,,,,,,,,,,,,,,
SEPTIEMBRE,ÁLAMO,,,,,,,,,,,,,,,,,,,,,,,,,,,,,,,,
SEPTIEMBRE,AMIXCO,,2,,,,,,,,,,,,,,,,,,,,,,,,,,,,,,
SEPTIEMBRE,ARROYO BLANCO,,,,,,,,,,,,,,,,,,,,,,,,,,,,,,,,
SEPTIEMBRE,ARROYO DE ACAXTLA,,,,,,,,,,,,,,,,,,,,,,,,,,,,,,,,
SEPTIEMBRE,BUENA VISTA,,,,,,,,,,,,,,,,,,,,,,,,,,,,,,,,
SEPTIEMBRE,CABECERA MPAL,CONVENIOS DE PARTES,55,21,3,,2,9,13,,1,,,,,,,,,,,,,,,,,,,,,,
SEPTIEMBRE,CAHUAZAS,,,,,,,,,2,,,,,,,,,,,,,,,,,,,,,,,
SEPTIEMBRE,CARRIZAL DE TENANGO,CONVENIO DE CONVIVENCIA DE MENORES,3,2,,,,1,,2,,,,,,,,,,,,,,,,,,,,,,,
SEPTIEMBRE,CARRIZAL DEL SOTANO,,5,,,,,,,2,,,,,,,,,,,,,,,,,,,,,,,
SEPTIEMBRE,EL AMOLAR,,3,,,,,,,2,,,,,,,,,,,,,,,,,,,,,,,
SEPTIEMBRE,EL BANCO,,2,2,,1,,,,2,,,,,,,,,,,,,,,,,,,,,,,
SEPTIEMBRE,EL BARRIO,CONVENIO DE CONVIVENCIA DE MENORES,11,3,1,1,,1,,2,,,,,,,,,,,,,,,,,,,,,,,
SEPTIEMBRE,EL CAMPANARIO,,2,,,,,,,5,,,,,,,,,,,,,,,,,,,,,,,
SEPTIEMBRE,EL CAPULÍN,,2,,,,,,,2,,,,,,,,,,,,,,,,,,,,,,,
SEPTIEMBRE,EL COYOL,,4,,,,,,,2,,,,,,,,,,,,,,,,,,,,,,,
SEPTIEMBRE,EL HUALUL,,2,,,,,,,2,,,,,,,,,,,,,,,,,,,,,,,
SEPTIEMBRE,EL LIMONCITO,,2,,,,,,,2,,,,,,,,,,,,,,,,,,,,,,,
SEPTIEMBRE,EL OCOTE,,5,1,,,,,,,,,,,,,,,,,,,,,,,,,,,,,
SEPTIEMBRE,EL PESCADO,,6,1,,,,,,2,,,,,,,,,,,,,,,,,,,,,,,
SEPTIEMBRE,EL SABINO,,1,,,,,,,2,,,,,,,,,,,,,,,,,,,,,,,
SEPTIEMBRE,EL SOTANO,,1,,,,,,,2,,,,,,,,,,,,,,,,,,,,,,,
SEPTIEMBRE,EL ZACATAL,,7,,,,,,3,2,,,,,,,,,,,,,,,,,,,,,,,
SEPTIEMBRE,HUATEPANGO,,5,,,,,,,2,,,,,,,,,,,,,,,,,,,,,,,
SEPTIEMBRE,IGLESIA VIEJA,CONVENIO DE CONVIVENCIA DE MENORES,5,3,,2,,1,,,,,,,,,,,,,,,,,,,,,,,,,
SEPTIEMBRE,LA CEIBA,,1,,1,,,,,,,,,,,,,,,,,,,,,,,,,,,,
SEPTIEMBRE,LA CEIBITA,,3,,,,,,,2,,,,,,,,,,,,,,,,,,,,,,,
SEPTIEMBRE,LA ESCONDIDA,,5,5,,5,,,,,,,,,,,,,,,,,,,,,,,,,,,
SEPTIEMBRE,LA ESTANCIA,,6,,,,,,,,,,,,,,,,,,,,,,,,,,,,,,
SEPTIEMBRE,LA GUAYABA,,2,,,,,,,,,,,,,,,,,,,,,,,,,,,,,,
SEPTIEMBRE,LA HONDURA,CONVENIO DE CONVIVENCIA DE MENORES,5,,,,,1,,2,,,,,,,,,,,,,,,,,,,,,,,
SEPTIEMBRE,LA JOYA DEL ZOPILOTE,,,,,,,,,,,,,,,,,,,,,,,,,,,,,,,,
SEPTIEMBRE,LA LOMA,,7,3,1,,,,,,,,,,,,,,,,,,,,,,,,,,,,
SEPTIEMBRE,LA LOMITA,,5,,,,,,,,,,,,,,,,,,,,,,,,,,,,,,
SEPTIEMBRE,LA MESA,CONVENIO DE CONVIVENCIA DE MENORES,2,,,,,1,,,,,,,,,,,,,,,,,,,,,,,,,
SEPTIEMBRE,LA PIEDRA,,4,,,,,,,2,,,,,,,,,,,,,,,,,,,,,,,
SEPTIEMBRE,LA SIERRITA,,2,,,,,,,2,,,,,,,,,,,,,,,,,,,,,,,
SEPTIEMBRE,LAS ANTENAS,,2,,,,,,,2,,,,,,,,,,,,,,,,,,,,,,,
SEPTIEMBRE,LAS CAMPANAS,,2,,,,,,,2,,,,,,,,,,,,,,,,,,,,,,,
SEPTIEMBRE,LAS CIRUELAS,,3,1,,1,,,,1,,,,,,,,,,,,,,,,,,,,,,,
SEPTIEMBRE,LAS GOLONDRINAS,,,,,,,,,,,,,,,,,,,,,,,,,,,,,,,,
SEPTIEMBRE,LAS MINAS,,10,,,,,,,1,,,,,,,,,,,,,,,,,,,,,,,
SEPTIEMBRE,LOS NARANJOS,,,,,,,,,,,,,,,,,,,,,,,,,,,,,,,,
SEPTIEMBRE,MIAHUATLA,,3,,,1,,,,,,,,,,,,,,,,,,,,,,,,,,,
SEPTIEMBRE,NEBLINAS,CONVENIO DE CONVIVENCIA DE MENORES,3,3,,,,1,,,,,,,,,,,,,,,,,,,,,,,,,
SEPTIEMBRE,NUEVO COYOLAR,,1,,,,,,,,,,,,,,,,,,,,,,,,,,,,,,
SEPTIEMBRE,OJO DE AGUA BO. ABAJO,,3,,1,1,,,3,,,,,,,,,,,,,,,,,,,,,,,,
SEPTIEMBRE,OJO DE AGUA BO. ARRIBA,CONVENIO DE SERVICIOS,1,1,,,,1,1,,,,,,,,,,,,,,,,,,,,,,,,
SEPTIEMBRE,PALO SEMITA,CONVENIO DE CONVIVENCIA DE MENORES,7,2,,1,,1,,2,,,,,,,,,,,,,,,,,,,,,,,
SEPTIEMBRE,PALO VERDE,CONVENIO DE CONVIVENCIA DE MENORES,3,2,1,,,1,,2,,,,,,,,,,,,,,,,,,,,,,,
SEPTIEMBRE,PALOMAS,CONVENIO DE CONVIVENCIA DE MENORES,4,3,,,,1,,,,,,,,,,,,,,,,,,,,,,,,,
SEPTIEMBRE,PARED GRUESA,,9,,1,1,,,,,,,,,,,,,,,,,,,,,,,,,,,
SEPTIEMBRE,PIEDRA ANCHA,,6,,1,,,,,,,,,,,,,,,,,,,,,,,,,,,,
SEPTIEMBRE,PLAN DE GUADALUPE,CONVENIOS DE PARTES,11,,,,,2,,,,,,,,,,,,,,,,,,,,,,,,,
SEPTIEMBRE,PUERTO DEL AMOLAR,,5,,,,,,,,,,,,,,,,,,,,,,,,,,,,,,
SEPTIEMBRE,PUERTO DEL CABALLO,,2,,,,,,,,,,,,,,,,,,,,,,,,,,,,,,
SEPTIEMBRE,PUERTO DEL GALLO,,,,,,,,,,,,,,,,,,,,,,,,,,,,,,,,
SEPTIEMBRE,PUERTO DEL TAMBOR,,4,,,,,,,,,,,,,,,,,,,,,,,,,,,,,,
SEPTIEMBRE,PUERTO OBSCURO,CONVENIO DE CONVIVENCIA DE MENORES,7,3,,,,1,2,,,,,,,,,,,,,,,,,,,,,,,,
SEPTIEMBRE,RANCHO NUEVO,,,,,,,,,,,,,,,,,,,,,,,,,,,,,,,,
SEPTIEMBRE,RANCHO NUEVO PUERTO DEL GALLO,,,,,,,,,,,,,,,,,,,,,,,,,,,,,,,,
SEPTIEMBRE,REFORMA DE PALO SEMITA,,3,,,,,,,,,,,,,,,,,,,,,,,,,,,,,,
SEPTIEMBRE,SAN RAFAEL,CONVENIO DE CONVIVENCIA DE MENORES,7,,,,,2,2,2,,,,,,,,,,,,,,,,,,,,,,,
SEPTIEMBRE,SANTA ANA DE ALLENDE,CONVENIO DE CONVIVENCIA DE MENORES,11,3,,,,6,5,4,,,,,,,,,,,,,,,,,,,,,,,
SEPTIEMBRE,SANTA MARÍA DE ÁLAMOS,,6,,,,,,,,,,,,,,,,,,,,,,,,,,,,,,
SEPTIEMBRE,SAUCILLO AGUA NUEVA,,6,,1,,,,,,,,,,,,,,,,,,,,,,,,,,,,
SEPTIEMBRE,SOLEDAD DEL COYOL,,,,,,,,,,,,,,,,,,,,,,,,,,,,,,,,
SEPTIEMBRE,TENANGO,CONVENIO DE CONVIVENCIA DE MENORES,5,,1,1,,2,2,,,,,,,,,,,,,,,,,,,,,,,,
SEPTIEMBRE,TETLALPAN,CONVENIO DE PARTES,5,,1,,,4,,,,,,,,,,,,,,,,,,,,,,,,,
SEPTIEMBRE,TOCAPA,,3,,,,,,,,,,,,,,,,,,,,,,,,,,,,,,
SEPTIEMBRE,ZACATE GRANDE,CONVENIO DE GANADERA,7,8,1,,,4,,,,,,,,,,,,,,,,,,,,,,,,,
SEPTIEMBRE,ZIMAPANITO,,,,,,,,,,,,,,,,,,,,,,,,,,,,,,,,
OCTUBRE,ACUATLA,,,,,,,,,,,,,,,,,,,,,,,,,,,,,,,,
OCTUBRE,AHUAYO,,10,4,,,,,,,,,,,,,,,,,,,,,,,,,,,,,
OCTUBRE,ÁLAMO,,,,,,,,,,,,,,,,,,,,,,,,,,,,,,,,
OCTUBRE,AMIXCO,,,,,,,,,,,,,,,,,,,,,,,,,,,,,,,,
OCTUBRE,ARROYO BLANCO,,2,,,,,,,,,,,,,,,,,,,,,,,,,,,,,,
OCTUBRE,ARROYO DE ACAXTLA,,,,,,,,,,,,,,,,,,,,,,,,,,,,,,,,
OCTUBRE,BUENA VISTA,,,,,,,,,,,,,,,,,,,,,,,,,,,,,,,,
OCTUBRE,CABECERA MPAL,,60,13,3,1,1,,6,,,,,,,,,,,,,,,,,,,,,,,,
OCTUBRE,CAHUAZAS,,,,,,,,,6,,,,,,,,,,,,,,,,,,,,,,,
OCTUBRE,CARRIZAL DE TENANGO,,3,,,,,,,,,,,,,,,,,,,,,,,,,,,,,,
OCTUBRE,CARRIZAL DEL SOTANO,,,,,,,,,4,,,,,,,,,,,,,,,,,,,,,,,
OCTUBRE,EL AMOLAR,,2,,,,,,,,,,,,,,,,,,,,,,,,,,,,,,
OCTUBRE,EL BANCO,,12,4,,1,,,,,,,,,,,,,,,,,,,,,,,,,,,
OCTUBRE,EL BARRIO,,,,1,1,,,,3,,,,,,,,,,,,,,,,,,,,,,,
OCTUBRE,EL CAMPANARIO,,2,,,,,,,5,,,,,,,,,,,,,,,,,,,,,,,
OCTUBRE,EL CAPULÍN,,1,1,,,,,,1,,,,,,,,,,,,,,,,,,,,,,,
OCTUBRE,EL COYOL,,2,,,,,,,3,,,,,,,,,,,,,,,,,,,,,,,
OCTUBRE,EL HUALUL,,1,,,,,,,1,,,,,,,,,,,,,,,,,,,,,,,
OCTUBRE,EL LIMONCITO,,2,1,,,,,,,,,,,,,,,,,,,,,,,,,,,,,
OCTUBRE,EL OCOTE,,2,2,,,,,,2,,,,,,,,,,,,,,,,,,,,,,,
OCTUBRE,EL PESCADO,,3,1,,,,,2,3,,,,,,,,,,,,,,,,,,,,,,,
OCTUBRE,EL SABINO,,1,,,,,,,6,,,,,,,,,,,,,,,,,,,,,,,
OCTUBRE,EL SOTANO,,3,,,,,,1,2,,,,,,,,,,,,,,,,,,,,,,,
OCTUBRE,EL ZACATAL,,3,3,,,,,,5,,,,,,,,,,,,,,,,,,,,,,,
OCTUBRE,HUATEPANGO,,4,3,,,,,3,,,,,,,,,,,,,,,,,,,,,,,,
OCTUBRE,IGLESIA VIEJA,,12,3,,2,,,2,5,,,,,,,,,,,,,,,,,,,,,,,
OCTUBRE,LA CEIBA,,2,,1,,,,,,,,,,,,,,,,,,,,,,,,,,,,
OCTUBRE,LA CEIBITA,,,,,,,,,2,,,,,,,,,,,,,,,,,,,,,,,
OCTUBRE,LA ESCONDIDA,,6,2,,4,,,,,,,,,,,,,,,,,,,,,,,,,,,
OCTUBRE,LA ESTANCIA,,5,4,,,,,,,,,,,,,,,,,,,,,,,,,,,,,
OCTUBRE,LA GUAYABA,,2,,,,,,,,,,,,,,,,,,,,,,,,,,,,,,
OCTUBRE,LA HONDURA,,2,8,,,,,,2,,,,,,,,,,,,,,,,,,,,,,,
OCTUBRE,LA JOYA DEL ZOPILOTE,,,,,,,,,,,,,,,,,,,,,,,,,,,,,,,,
OCTUBRE,LA LOMA,,4,2,1,,,,,,,,,,,,,,,,,,,,,,,,,,,,
OCTUBRE,LA LOMITA,,2,3,,,,,,,,,,,,,,,,,,,,,,,,,,,,,
OCTUBRE,LA MESA,,6,1,,,,,,4,,,,,,,,,,,,,,,,,,,,,,,
OCTUBRE,LA PIEDRA,,6,2,,,,,,5,,,,,,,,,,,,,,,,,,,,,,,
OCTUBRE,LA SIERRITA,,,,,,,,,,,,,,,,,,,,,,,,,,,,,,,,
OCTUBRE,LAS ANTENAS,,,,,,,,,,,,,,,,,,,,,,,,,,,,,,,,
OCTUBRE,LAS CAMPANAS,,,,,,,,,2,,,,,,,,,,,,,,,,,,,,,,,
OCTUBRE,LAS CIRUELAS,,2,1,,1,,,,5,,,,,,,,,,,,,,,,,,,,,,,
OCTUBRE,LAS GOLONDRINAS,,,,,,,,,,,,,,,,,,,,,,,,,,,,,,,,
OCTUBRE,LAS MINAS,,3,2,,,,,,6,,,,,,,,,,,,,,,,,,,,,,,
OCTUBRE,LOS NARANJOS,,1,,,,,,,,,,,,,,,,,,,,,,,,,,,,,,
OCTUBRE,MIAHUATLA,,2,3,,1,,,,,,,,,,,,,,,,,,,,,,,,,,,
OCTUBRE,NEBLINAS,,4,4,,,,,,,,,,,,,,,,,,,,,,,,,,,,,
OCTUBRE,NUEVO COYOLAR,,,,,,,,,,,,,,,,,,,,,,,,,,,,,,,,
OCTUBRE,OJO DE AGUA BO. ABAJO,,4,2,1,1,,,,,,,,,,,,,,,,,,,,,,,,,,,
OCTUBRE,OJO DE AGUA BO. ARRIBA,,5,3,,,,,,,,,,,,,,,,,,,,,,,,,,,,,
OCTUBRE,PALO SEMITA,,7,3,,1,,,,1,,,,,,,,,,,,,,,,,,,,,,,
OCTUBRE,PALO VERDE,,30,5,1,,,,,1,,,,,,,,,,,,,,,,,,,,,,,
OCTUBRE,PALOMAS,,4,4,,,,,,,,,,,,,,,,,,,,,,,,,,,,,
OCTUBRE,PARED GRUESA,,8,5,1,1,,,1,,,,,,,,,,,,,,,,,,,,,,,,
OCTUBRE,PIEDRA ANCHA,,2,8,1,,,,,,,,,,,,,,,,,,,,,,,,,,,,
OCTUBRE,PLAN DE GUADALUPE,,3,8,,1,,,2,,,,,,,,,,,,,,,,,,,,,,,,
OCTUBRE,PUERTO DEL AMOLAR,,1,1,,,,,,,,,,,,,,,,,,,,,,,,,,,,,
OCTUBRE,PUERTO DEL CABALLO,,1,2,,,,,,,,,,,,,,,,,,,,,,,,,,,,,
OCTUBRE,PUERTO DEL GALLO,,,1,,,,,,,,,,,,,,,,,,,,,,,,,,,,,
OCTUBRE,PUERTO DEL TAMBOR,,5,1,,,,,,,,,,,,,,,,,,,,,,,,,,,,,
OCTUBRE,PUERTO OBSCURO,,7,8,,,,,,,,,,,,,,,,,,,,,,,,,,,,,
OCTUBRE,RANCHO NUEVO,,2,4,,,,,,,,,,,,,,,,,,,,,,,,,,,,,
OCTUBRE,RANCHO NUEVO PUERTO DEL GALLO,,,1,,,,,,,,,,,,,,,,,,,,,,,,,,,,,
OCTUBRE,REFORMA DE PALO SEMITA,,2,4,,,,,,,,,,,,,,,,,,,,,,,,,,,,,
OCTUBRE,SAN RAFAEL,,10,4,,,,,2,5,,,,,,,,,,,,,,,,,,,,,,,
OCTUBRE,SANTA ANA DE ALLENDE,,18,6,,1,,,2,4,,,,,,,,,,,,,,,,,,,,,,,
OCTUBRE,SANTA MARÍA DE ÁLAMOS,,12,6,,,,,2,,,,,,,,,,,,,,,,,,,,,,,,
OCTUBRE,SAUCILLO AGUA NUEVA,,,,1,,,,,,,,,,,,,,,,,,,,,,,,,,,,
OCTUBRE,SOLEDAD DEL COYOL,,,,,,,,,,,,,,,,,,,,,,,,,,,,,,,,
OCTUBRE,TENANGO,,3,4,1,1,,,,,,,,,,,,,,,,,,,,,,,,,,,
OCTUBRE,TETLALPAN,,5,1,1,,,,,,,,,,,,,,,,,,,,,,,,,,,,
OCTUBRE,TOCAPA,,2,,,,,,,,,,,,,,,,,,,,,,,,,,,,,,
OCTUBRE,ZACATE GRANDE,,15,8,1,,,,,4,,,,,,,,,,,,,,,,,,,,,,,
OCTUBRE,ZIMAPANITO,,,,,,,,,,,,,,,,,,,,,,,,,,,,,,,,
NOVIEMBRE,ACUATLA,,,,,,,,,,,,,,,,,,,,,,,,,,,,,,,,
NOVIEMBRE,AHUAYO,,3,1,,,,,,,,,,,,,,,,,,,,,,,,,,,,,
NOVIEMBRE,ÁLAMO,,,,,,,,,,,,,,,,,,,,,,,,,,,,,,,,
NOVIEMBRE,AMIXCO,,,,,,,,,,,,,,,,,,,,,,,,,,,,,,,,
NOVIEMBRE,ARROYO BLANCO,,4,,,,,,,,,,,,,,,,,,,,,,,,,,,,,,
NOVIEMBRE,ARROYO DE ACAXTLA,,,,,,1,,,,,,,,,,,,,,,,,,,,,,,,,,
NOVIEMBRE,BUENA VISTA,,,,,,,,,,,,,,,,,,,,,,,,,,,,,,,,
NOVIEMBRE,CABECERA MPAL,contratos de compraventa,43,18,,1,5,3,5,,,1,,9,13,,,,,,,,,,,,,,,,,,
NOVIEMBRE,CAHUAZAS,,,,,,,,,3,,,,,,,,,,,,,,,,,,,,,,,
NOVIEMBRE,CARRIZAL DE TENANGO,,1,,,,,,,,,,,,,,,,,,,,,,,,,,,,,,
NOVIEMBRE,CARRIZAL DEL SOTANO,,,,,,,,,6,,,,,,,,,,,,,,,,,,,,,,,
NOVIEMBRE,EL AMOLAR,,1,,,,,,,,,,,,,,,,,,,,,,,,,,,,,,
NOVIEMBRE,EL BANCO,,8,5,,1,1,,,,,,,6,1,,,,,,,,,,,,,,,,,,
NOVIEMBRE,EL BARRIO,,3,,,1,,,,1,,,,2,1,,,,,,,,,,,,,,,,,,
NOVIEMBRE,EL CAMPANARIO,,1,,,,,,,3,,,,,,,,,,,,,,,,,,,,,,,
NOVIEMBRE,EL CAPULÍN,,3,3,,,,,,,,,1,,,,,,,,,,,,,,,,,,,,
NOVIEMBRE,EL COYOL,,1,,,,,,,5,,,,,,,,,,,,,,,,,,,,,,,
NOVIEMBRE,EL HUALUL,,1,,,,,,,,,,,,,,,,,,,,,,,,,,,,,,
NOVIEMBRE,EL LIMONCITO,,2,,,,,,,,,,,,,,,,,,,,,,,,,,,,,,
NOVIEMBRE,EL OCOTE,,3,2,,,,,,3,,,,,,,,,,,,,,,,,,,,,,,
NOVIEMBRE,EL PESCADO,,3,1,,,,,1,,,,,,1,,,,,,,,,,,,,,,,,,
NOVIEMBRE,EL SABINO,,1,,,,,,,4,,,,,,,,,,,,,,,,,,,,,,,
NOVIEMBRE,EL SOTANO,,1,,,,,,,1,,,,,,,,,,,,,,,,,,,,,,,
NOVIEMBRE,EL ZACATAL,,2,2,,,,,,2,,,,,,,,,,,,,,,,,,,,,,,
NOVIEMBRE,HUATEPANGO,,2,1,,,1,,,,,1,,1,,,,,,,,,,,,,,,,,,,
NOVIEMBRE,IGLESIA VIEJA,,10,3,,,,,2,4,,,,,,,,,,,,,,,,,,,,,,,
NOVIEMBRE,LA CEIBA,,3,,,,,,,,,,,,,,,,,,,,,,,,,,,,,,
NOVIEMBRE,LA CEIBITA,,1,,,,,,,,,,,,1,,,,,,,,,,,,,,,,,,
NOVIEMBRE,LA ESCONDIDA,,5,2,,,1,,,,,,,,,,,,,,,,,,,,,,,,,,
NOVIEMBRE,LA ESTANCIA,,4,3,,,,,,,,,,2,,,,,,,,,,,,,,,,,,,
NOVIEMBRE,LA GUAYABA,,1,,,,,,,,,,,,,,,,,,,,,,,,,,,,,,
NOVIEMBRE,LA HONDURA,,1,1,,,,,,2,,,,,,,,,,,,,,,,,,,,,,,
NOVIEMBRE,LA JOYA DEL ZOPILOTE,,,,,,,,,,,,,,,,,,,,,,,,,,,,,,,,
NOVIEMBRE,LA LOMA,,3,2,,,1,,,,,,1,,4,,,,,,,,,,,,,,,,,,
NOVIEMBRE,LA LOMITA,,1,1,,,,,,,,,,,,,,,,,,,,,,,,,,,,,
NOVIEMBRE,LA MESA,,2,1,,,,,,3,,1,,,,,,,,,,,,,,,,,,,,,
NOVIEMBRE,LA PIEDRA,,2,3,,,,,,3,,,,,,,,,,,,,,,,,,,,,,,
NOVIEMBRE,LA SIERRITA,,,,,,,,,,,,,,,,,,,,,,,,,,,,,,,,
NOVIEMBRE,LAS ANTENAS,,,,,,,,,,,,,,,,,,,,,,,,,,,,,,,,
NOVIEMBRE,LAS CAMPANAS,,,,,,,,,,,,,,,,,,,,,,,,,,,,,,,,
NOVIEMBRE,LAS CIRUELAS,,,3,,,,,,4,,,,,,,,,,,,,,,,,,,,,,,
NOVIEMBRE,LAS GOLONDRINAS,,,,,,,,,,,,,,,,,,,,,,,,,,,,,,,,
NOVIEMBRE,LAS MINAS,,1,3,,,,,,5,,,,,,,,,,,,,,,,,,,,,,,
NOVIEMBRE,LOS NARANJOS,,1,,,,,,,,,,,,,,,,,,,,,,,,,,,,,,
NOVIEMBRE,MIAHUATLA,,3,1,,,,,,,,,,,,,,,,,,,,,,,,,,,,,
NOVIEMBRE,NEBLINAS,,6,8,,,,,,1,,,1,,,,,,,,,,,,,,,,,,,,
NOVIEMBRE,NUEVO COYOLAR,,,,,,,,,,,,,,,,,,,,,,,,,,,,,,,,
NOVIEMBRE,OJO DE AGUA BO. ABAJO,,3,2,,,,,,,,,,,,,,,,,,,,,,,,,,,,,
NOVIEMBRE,OJO DE AGUA BO. ARRIBA,,6,2,,,,,,,,,,,,,,,,,,,,,,,,,,,,,
NOVIEMBRE,PALO SEMITA,,4,4,,,2,,,1,,,,,,,,,,,,,,,,,,,,,,,
NOVIEMBRE,PALO VERDE,contratos de compraventa,10,6,,1,1,2,,4,,,,,,,,,,,,,,,,,,,,,,,
NOVIEMBRE,PALOMAS,,5,3,,,,,,,,,,,,,,,,,,,,,,,,,,,,,
NOVIEMBRE,PARED GRUESA,,3,3,,1,,,,,,,,,,,,,,,,,,,,,,,,,,,
NOVIEMBRE,PIEDRA ANCHA,,2,7,,,,,,,,,,,,,,,,,,,,,,,,,,,,,
NOVIEMBRE,PLAN DE GUADALUPE,contratos de compraventa,8,9,,,1,2,,,,,,,,,,,,,,,,,,,,,,,,,
NOVIEMBRE,PUERTO DEL AMOLAR,,2,5,,,,,,,,,,,,,,,,,,,,,,,,,,,,,
NOVIEMBRE,PUERTO DEL CABALLO,,2,3,,,,,,,,,,,,,,,,,,,,,,,,,,,,,
NOVIEMBRE,PUERTO DEL GALLO,,7,4,,,,,,,,,,,,,,,,,,,,,,,,,,,,,
NOVIEMBRE,PUERTO DEL TAMBOR,,7,,,,,,,,,,,,,,,,,,,,,,,,,,,,,,
NOVIEMBRE,PUERTO OBSCURO,,12,5,,,,,,,,,,,,,,,,,,,,,,,,,,,,,
NOVIEMBRE,RANCHO NUEVO,,5,8,,,1,,,,,,,,,,,,,,,,,,,,,,,,,,
NOVIEMBRE,RANCHO NUEVO PUERTO DEL GALLO,,,,,,,,,,,,,,,,,,,,,,,,,,,,,,,,
NOVIEMBRE,REFORMA DE PALO SEMITA,,1,2,,1,1,,,,,,,,,,,,,,,,,,,,,,,,,,
NOVIEMBRE,SAN RAFAEL,contratos de compraventa,8,4,,,3,3,2,,,,,,,,,,,,,,,,,,,,,,,,
NOVIEMBRE,SANTA ANA DE ALLENDE,,20,7,,2,1,,3,8,,,1,,,,,,,,,,,,,,,,,,,,
NOVIEMBRE,SANTA MARÍA DE ÁLAMOS,contratos de compraventa,10,1,,,,1,,,,,,1,,,,,,,,,,,,,,,,,,,
NOVIEMBRE,SAUCILLO AGUA NUEVA,,2,,,,,,,,,,,,,,,,,,,,,,,,,,,,,,
NOVIEMBRE,SOLEDAD DEL COYOL,,4,,,,,,,,,,,,,,,,,,,,,,,,,,,,,,
NOVIEMBRE,TENANGO,,2,1,1,,,,,,,,,,1,,,,,,,,,,,,,,,,,,
NOVIEMBRE,TETLALPAN,,8,3,,,,,,3,,,,,,,,,,,,,,,,,,,,,,,
NOVIEMBRE,TOCAPA,,2,,,,,,,,,,,,,,,,,,,,,,,,,,,,,,
NOVIEMBRE,ZACATE GRANDE,,18,6,,,2,,,5,,,,,,,,,,,,,,,,,,,,,,,
NOVIEMBRE,ZIMAPANITO,,,,,,,,,,,,,,,,,,,,,,,,,,,,,,,,
DICIEMBRE,ACUATLA,,,,,,,,,,,,,,,,,,,,,,,,,,,,,,,,
DICIEMBRE,AHUAYO,,,1,,,,,,,,,,,,,,,,,,,,,,,,,,,,,
DICIEMBRE,ÁLAMO,,,,,,,,,,,,,,,,,,,,,,,,,,,,,,,,
DICIEMBRE,AMIXCO,,,,,,,,,,,,,,,,,,,,,,,,,,,,,,,,
DICIEMBRE,ARROYO BLANCO,,,,,,,,,,,,,,,,,,,,,,,,,,,,,,,,
DICIEMBRE,ARROYO DE ACAXTLA,,,,,,1,,,,,,,,,,,,,,,,,,,,,,,,,,
DICIEMBRE,BUENA VISTA,,,,,,,,,,,,,,,,,,,,,,,,,,,,,,,,
DICIEMBRE,CABECERA MPAL,contratos de compraventa,24,30,,1,5,3,2,,,,,,5,,,,,,,,,,,,,,,,,,
DICIEMBRE,CAHUAZAS,,2,,,,,,,1,,,,,1,,,,,,,,,,,,,,,,,,
DICIEMBRE,CARRIZAL DE TENANGO,,,,,,,,,,,,,,,,,,,,,,,,,,,,,,,,
DICIEMBRE,CARRIZAL DEL SOTANO,,,,,,,,,3,,,,2,1,,,,,,,,,,,,,,,,,,
DICIEMBRE,EL AMOLAR,,,,,,,,,,,,,,1,,,,,,,,,,,,,,,,,,
DICIEMBRE,EL BANCO,,3,4,,1,1,,,,,,,,,,,,,,,,,,,,,,,,,,
DICIEMBRE,EL BARRIO,,1,,,1,,,,1,,,,,,,,,,,,,,,,,,,,,,,
DICIEMBRE,EL CAMPANARIO,,,,,,,,,,,,,,,,,,,,,,,,,,,,,,,,
DICIEMBRE,EL CAPULÍN,,,,,,,,,,,,,,,,,,,,,,,,,,,,,,,,
DICIEMBRE,EL COYOL,,1,,,,,,,2,,,,,,,,,,,,,,,,,,,,,,,
DICIEMBRE,EL HUALUL,,,,,,,,,,,,,,,,,,,,,,,,,,,,,,,,
DICIEMBRE,EL LIMONCITO,,2,,,,,,,,,,,,,,,,,,,,,,,,,,,,,,
DICIEMBRE,EL OCOTE,,,,,,,,,1,,,,,,,,,,,,,,,,,,,,,,,
DICIEMBRE,EL PESCADO,,3,1,,,,,,,,,,3,,,,,,,,,,,,,,,,,,,
DICIEMBRE,EL SABINO,,1,1,,,,,,1,,,,,,,,,,,,,,,,,,,,,,,
DICIEMBRE,EL SOTANO,,,,,,,,,1,,,,,,,,,,,,,,,,,,,,,,,
DICIEMBRE,EL ZACATAL,Contratos de donacion,4,6,,,,2,,,,,,,,,,,,,,,,,,,,,,,,,
DICIEMBRE,HUATEPANGO,,1,2,,,1,,,,,,,,,,,,,,,,,,,,,,,,,,
DICIEMBRE,IGLESIA VIEJA,,2,7,,,,,1,,,,,,,,,,,,,,,,,,,,,,,,
DICIEMBRE,LA CEIBA,,,2,,,,,,,,,,,,,,,,,,,,,,,,,,,,,
DICIEMBRE,LA CEIBITA,,,,,,,,,,,,,1,,,,,,,,,,,,,,,,,,,
DICIEMBRE,LA ESCONDIDA,,2,2,,,1,,,,,,,,,,,,,,,,,,,,,,,,,,
DICIEMBRE,LA ESTANCIA,,2,,,,,,,,,,,,,,,,,,,,,,,,,,,,,,
DICIEMBRE,LA GUAYABA,,,,,,,,,,,,,,,,,,,,,,,,,,,,,,,,
DICIEMBRE,LA HONDURA,,,,,,,,,,,,,,,,,,,,,,,,,,,,,,,,
DICIEMBRE,LA JOYA DEL ZOPILOTE,,,,,,,,,,,,,,,,,,,,,,,,,,,,,,,,
DICIEMBRE,LA LOMA,,2,4,,,1,,,,,,,,1,,,,,,,,,,,,,,,,,,
DICIEMBRE,LA LOMITA,,,1,,,,,,,,,,,,,,,,,,,,,,,,,,,,,
DICIEMBRE,LA MESA,,,1,,,,,,2,,,,1,,,,,,,,,,,,,,,,,,,
DICIEMBRE,LA PIEDRA,,,,,,,,,3,,,,,,,,,,,,,,,,,,,,,,,
DICIEMBRE,LA SIERRITA,,,,,,,,,,,,,,,,,,,,,,,,,,,,,,,,
DICIEMBRE,LAS ANTENAS,,,,,,,,,,,,,1,,,,,,,,,,,,,,,,,,,
DICIEMBRE,LAS CAMPANAS,,,,,,,,,,,,,,,,,,,,,,,,,,,,,,,,
DICIEMBRE,LAS CIRUELAS,,,,,,,,,3,,,,,,,,,,,,,,,,,,,,,,,
DICIEMBRE,LAS GOLONDRINAS,,,,,,,,,,,,,,,,,,,,,,,,,,,,,,,,
DICIEMBRE,LAS MINAS,,,,,,,,,,,,,,,,,,,,,,,,,,,,,,,,
DICIEMBRE,LOS NARANJOS,,,,,,,,,,,,,,,,,,,,,,,,,,,,,,,,
DICIEMBRE,MIAHUATLA,,,,,,,,,,,,,,,,,,,,,,,,,,,,,,,,
DICIEMBRE,NEBLINAS,,5,5,,,,,,,,,,,,,,,,,,,,,,,,,,,,,
DICIEMBRE,NUEVO COYOLAR,,,,,,,,,,,,,,,,,,,,,,,,,,,,,,,,
DICIEMBRE,OJO DE AGUA BO. ABAJO,,3,2,,,,,,,,,,,,,,,,,,,,,,,,,,,,,
DICIEMBRE,OJO DE AGUA BO. ARRIBA,,3,2,,,,,,,,,,,,,,,,,,,,,,,,,,,,,
DICIEMBRE,PALO SEMITA,,1,2,,,2,,,1,,,,,,,,,,,,,,,,,,,,,,,
DICIEMBRE,PALO VERDE,contratos de compraventa,,4,,1,1,3,,,,,,,,,,,,,,,,,,,,,,,,,
DICIEMBRE,PALOMAS,,3,,,,,,,,,,,,,,,,,,,,,,,,,,,,,,
DICIEMBRE,PARED GRUESA,,,2,,1,,,,,,,,,,,,,,,,,,,,,,,,,,,
DICIEMBRE,PIEDRA ANCHA,,,,,,,,,,,,,,,,,,,,,,,,,,,,,,,,
DICIEMBRE,PLAN DE GUADALUPE,Contratos de donacion,7,1,,,1,1,,,,,,,,,,,,,,,,,,,,,,,,,
DICIEMBRE,PUERTO DEL AMOLAR,,,,,,,,,,,,,,,,,,,,,,,,,,,,,,,,
DICIEMBRE,PUERTO DEL CABALLO,,,,,,,,,,,,,,,,,,,,,,,,,,,,,,,,
DICIEMBRE,PUERTO DEL GALLO,,,,,,,,,,,,,,,,,,,,,,,,,,,,,,,,
DICIEMBRE,PUERTO DEL TAMBOR,,,,,,,,,,,,,10,,,,,,,,,,,,,,,,,,,
DICIEMBRE,PUERTO OBSCURO,,6,6,,,,,,,,,,1,1,,,,,,,,,,,,,,,,,,
DICIEMBRE,RANCHO NUEVO,,5,4,,,1,,,,,,,,,,,,,,,,,,,,,,,,,,
DICIEMBRE,RANCHO NUEVO PUERTO DEL GALLO,,,,,,,,,,,,,,,,,,,,,,,,,,,,,,,,
DICIEMBRE,REFORMA DE PALO SEMITA,,,2,,1,1,,,,,,,,,,,,,,,,,,,,,,,,,,
DICIEMBRE,SAN RAFAEL,,6,2,,,3,,,1,,,,1,,1,,,,,,,,,,,,,,,,,
DICIEMBRE,SANTA ANA DE ALLENDE,,6,8,,2,1,,1,5,,,,,,,,,,,,,,,,,,,,,,,
DICIEMBRE,SANTA MARÍA DE ÁLAMOS,,5,3,,,,,,,,,,,,,,,,,,,,,,,,,,,,,
DICIEMBRE,SAUCILLO AGUA NUEVA,,,,,,,,,,,,,,,,,,,,,,,,,,,,,,,,
DICIEMBRE,SOLEDAD DEL COYOL,,,,,,,,,,,,,,,,,,,,,,,,,,,,,,,,
DICIEMBRE,TENANGO,,,,1,,,,,,,,,1,,,,,,,,,,,,,,,,,,,
DICIEMBRE,TETLALPAN,,,,,,,,,3,,,,,,,,,,,,,,,,,,,,,,,
DICIEMBRE,TOCAPA,,,,,,,,,,,,,,,,,,,,,,,,,,,,,,,,
DICIEMBRE,ZACATE GRANDE,,8,6,,,2,,,4,,,1,,,,,,,,,,,,,,,,,,,,
DICIEMBRE,ZIMAPANITO,,,,,,,,,,,,,,,,,,,,,,,,,,,,,,,,
