Mes,Comunidad,Comunidades indígenas que hablan lengua materna,Beneficiarios,Tipo de Programa,Inversión
OCTUBRE,AHUAYO,SI,250,DEMOSTRACIÓN DE ARCOS Y COMPARSA XANTOLERA,20000
OCTUBRE,LAS MINAS,SI,78,DEMOSTRACIÓN DE ARCOS Y COMPARSA XANTOLERA,2000
SEPTIEMBRE,TETLALPAN,SI,17,PIZARRON PARA PRESCOLAR,
DICIEMBRE,PALO VERDE,,15,PROGRAMA AGUA VIDA,
DICIEMBRE,LAS MINAS,SI,10,PROGRAMA POR SI LAS LLUVIAS,
OCTUBRE,LAS MINAS,SI,8,EXPEDICIÓN DE ACTAS DE NACIMIENTO,
SEPTIEMBRE,TETLALPAN,SI,7,APOYO ECONOMICO PARA GASTOS MEDICOS,2500
SEPTIEMBRE,TETLALPAN,SI,7,TRANSLADOS,2500
DICIEMBRE,BO. SAN FRANCISCO,,6,PROGRAMA ECO- ESTUFA,
DICIEMBRE,BO. SAN FRANCISCO,,6,PROGRAMA ECO- ESTUFA,
OCTUBRE,AHUAYO,SI,5,EXPEDICIÓN DE ACTAS DE NACIMIENTO,
SEPTIEMBRE,AHUAYO,SI,5,EXPEDICIÓN DE ACTAS DE NACIMIENTO,
SEPTIEMBRE,LAS MINAS,SI,5,APOYO ECONOMICO PARA GASTOS MEDICOS,3000
SEPTIEMBRE,LAS MINAS,SI,5,TRANSLADOS,
DICIEMBRE,SANTA ANA DE ALLENDE,,5,PROGRAMA ECO- ESTUFA,
DICIEMBRE,NEBLINAS,,4,PROGRAMA ECO- ESTUFA,
DICIEMBRE,SANTA ANA DE ALLENDE,,4,PROGRAMA POR SI LAS LLUVIAS,
DICIEMBRE,SOLEDAD DEL COYOL,,4,PROGRAMA DE PISO FIRME,
OCTUBRE,TETLALPAN,SI,3,EXPEDICIÓN DE ACTAS DE NACIMIENTO,
DICIEMBRE,EL BANCO,,3,PROGRAMA ECO- ESTUFA,
DICIEMBRE,PALO VERDE,,3,PROGRAMA POR SI LAS LLUVIAS,
DICIEMBRE,PARED GRUESA,,3,PROGRAMA ECO- ESTUFA,
DICIEMBRE,SAN RAFAEL,,3,PROGRAMA POR SI LAS LLUVIAS,
DICIEMBRE,SANTA MARÍA DE ÁLAMOS,,3,PROGRAMA POR SI LAS LLUVIAS,
DICIEMBRE,SOLEDAD DEL COYOL,,3,PROGRAMA AGUA VIDA,
DICIEMBRE,BO. EL AGUATILLO,,2,PROGRAMA ECO- ESTUFA,
DICIEMBRE,BO. LA CARBONERA,,2,PROGRAMA ECO- ESTUFA,
SEPTIEMBRE,AHUAYO,SI,2,TRANSLADOS,
DICIEMBRE,LAS MINAS,SI,2,PROGRAMA DE PISO FIRME,
DICIEMBRE,TETLALPAN,SI,2,PROGRAMA POR SI LAS LLUVIAS,
OCTUBRE,TETLALPAN,SI,2,TRANSLADOS,
DICIEMBRE,TOCAPA,SI,2,PROGRAMA POR SI LAS LLUVIAS,
DICIEMBRE,CABECERA MPAL,,2,PROGRAMA POR SI LAS LLUVIAS,
DICIEMBRE,CAHUAZAS,,2,PROGRAMA POR SI LAS LLUVIAS,
DICIEMBRE,IGLESIA VIEJA,,2,PROGRAMA POR SI LAS LLUVIAS,
DICIEMBRE,LA LOMA,,2,PROGRAMA POR SI LAS LLUVIAS,
DICIEMBRE,PARED GRUESA,,2,PROGRAMA DE PISO FIRME,
DICIEMBRE,SANTA MARÍA DE ÁLAMOS,,2,PROGRAMA ECO- ESTUFA,
DICIEMBRE,SOLEDAD DEL COYOL,,2,PROGRAMA POR SI LAS LLUVIAS,
DICIEMBRE,BO. PTO. CRUZ VERDE,,1,PROGRAMA ECO- ESTUFA,
DICIEMBRE,BO.LA ESTACION,,1,PROGRAMA ECO- ESTUFA,
DICIEMBRE,EL CAPULIN,,1,PROGRAMA AGUA VIDA,
DICIEMBRE,EL CAPULIN,,1,PROGRAMA POR SI LAS LLUVIAS,
DICIEMBRE,NUEVO PORVENIR,,1,PROGRAMA ECO- ESTUFA,
DICIEMBRE,NUEVO PROGRESO,,1,PROGRAMA DE PISO FIRME,
DICIEMBRE,PALOSEMITA,,1,PROGRAMA ECO- ESTUFA,
DICIEMBRE,PALOSEMITA,,1,PROGRAMA POR SI LAS LLUVIAS,
DICIEMBRE,PUERTO DE LA CHUPARROSA,,1,PROGRAMA POR SI LAS LLUVIAS,
DICIEMBRE,AHUAYO,SI,1,PROGRAMA POR SI LAS LLUVIAS,
DICIEMBRE,CARRIZAL DE TENANGO,SI,1,PROGRAMA ECO- ESTUFA,
DICIEMBRE,TETLALPAN,SI,1,PROGRAMA ECO- ESTUFA,
DICIEMBRE,ARROYO BLANCO,,1,PROGRAMA POR SI LAS LLUVIAS,
DICIEMBRE,CAHUAZAS,,1,PROGRAMA ECO- ESTUFA,
DICIEMBRE,EL BARRIO,,1,PROGRAMA ECO- ESTUFA,
DICIEMBRE,EL SOTANO,,1,PROGRAMA ECO- ESTUFA,
DICIEMBRE,EL ZACATAL,,1,PROGRAMA POR SI LAS LLUVIAS,
DICIEMBRE,HUATEPANGO,,1,PROGRAMA AGUA VIDA,
DICIEMBRE,LA ESCONDIDA,,1,PROGRAMA POR SI LAS LLUVIAS,
DICIEMBRE,LA ESTANCIA,,1,PROGRAMA POR SI LAS LLUVIAS,
DICIEMBRE,LA HONDURA,,1,PROGRAMA ECO- ESTUFA,
DICIEMBRE,LA LOMA,,1,PROGRAMA ECO- ESTUFA,
DICIEMBRE,LA MESA,,1,PROGRAMA ECO- ESTUFA,
DICIEMBRE,LA PIEDRA,,1,PROGRAMA ECO- ESTUFA,
DICIEMBRE,NEBLINAS,,1,PROGRAMA POR SI LAS LLUVIAS,
DICIEMBRE,PALO VERDE,,1,PROGRAMA DE PISO FIRME,
DICIEMBRE,PARED GRUESA,,1,PROGRAMA POR SI LAS LLUVIAS,
DICIEMBRE,PUERTO OBSCURO,,1,PROGRAMA ECO- ESTUFA,
DICIEMBRE,PUERTO OBSCURO,,1,PROGRAMA POR SI LAS LLUVIAS,
DICIEMBRE,SANTA ANA DE ALLENDE,,1,PROGRAMA DE PISO FIRME,
DICIEMBRE,TENANGO,,1,PROGRAMA POR SI LAS LLUVIAS,
SEPTIEMBRE,EL CAMPANARIO,SI,0,,
SEPTIEMBRE,ACUATLA,,0,,
SEPTIEMBRE,ÁLAMO,,0,,
SEPTIEMBRE,AMIXCO,,0,,
SEPTIEMBRE,ARROYO DE ACAXTLA,,0,,
SEPTIEMBRE,BUENA VISTA,,0,,
SEPTIEMBRE,CARRIZAL DEL SOTANO,,0,,
SEPTIEMBRE,EL AMOLAR,,0,,
SEPTIEMBRE,EL CAPULÍN,,0,,
SEPTIEMBRE,EL COYOL,,0,,
SEPTIEMBRE,EL HUALUL,,0,,
SEPTIEMBRE,EL LIMONCITO,,0,,
SEPTIEMBRE,EL OCOTE,,0,,
SEPTIEMBRE,EL PESCADO,,0,,
SEPTIEMBRE,EL SABINO,,0,,
SEPTIEMBRE,LA CEIBA,,0,,
SEPTIEMBRE,LA CEIBITA,,0,,
SEPTIEMBRE,LA GUAYABA,,0,,
SEPTIEMBRE,LA JOYA DEL ZOPILOTE,,0,,
SEPTIEMBRE,LA LOMITA,,0,,
SEPTIEMBRE,LA SIERRITA,,0,,
SEPTIEMBRE,LAS ANTENAS,,0,,
SEPTIEMBRE,LAS CAMPANAS,,0,,
SEPTIEMBRE,LAS CIRUELAS,,0,,
SEPTIEMBRE,LAS GOLONDRINAS,,0,,
SEPTIEMBRE,LOS NARANJOS,,0,,
SEPTIEMBRE,MIAHUATLA,,0,,
SEPTIEMBRE,NUEVO COYOLAR,,0,,
SEPTIEMBRE,OJO DE AGUA BO. ABAJO,,0,,
SEPTIEMBRE,OJO DE AGUA BO. ARRIBA,,0,,
SEPTIEMBRE,PALO SEMITA,,0,,
SEPTIEMBRE,PALOMAS,,0,,
SEPTIEMBRE,PIEDRA ANCHA,,0,,
SEPTIEMBRE,PLAN DE GUADALUPE,,0,,
SEPTIEMBRE,PUERTO DEL AMOLAR,,0,,
SEPTIEMBRE,PUERTO DEL CABALLO,,0,,
SEPTIEMBRE,PUERTO DEL GALLO,,0,,
SEPTIEMBRE,PUERTO DEL TAMBOR,,0,,
SEPTIEMBRE,RANCHO NUEVO,,0,,
SEPTIEMBRE,RANCHO NUEVO PUERTO DEL GALLO,,0,,
SEPTIEMBRE,REFORMA DE PALO SEMITA,,0,,
SEPTIEMBRE,SAUCILLO AGUA NUEVA,,0,,
SEPTIEMBRE,ZACATE GRANDE,,0,,
SEPTIEMBRE,ZIMAPANITO,,0,,
