Numero,Nombre del proyecto,"Tipo de obra (infraestructura vial, hidráulica, educativa, etc.).","Ubicación (colonia, comunidad o localidad).",Fecha de inicio,Fecha de conclusión,Monto total invertido,"Fuente de financiamiento (municipal, estatal, federal, mezcla de recursos).",Número de beneficiarios,Tipo de adjudicación,Estatus de Obra,Avance
1,CONSTRUCCIÓN DE PAVIMENTO HIDRÁULICO EN LA LOCALIDAD EL BANCO,VIAL,EL BANCO,07/01/2025,9/28/2025,"$477,921.66",FEDERAL,45,DIRECTA,Concluida,100
2,CONSTRUCCIÓN DE PAVIMENTO HIDRÁULICO EN CARRETERA DE ACCESO A LA LOCALIDAD DE TOCAPA,VIAL,TOCAPA,07/01/2025,9/28/2025,"$736,728.04",FEDERAL,158,DIRECTA,Concluida,100
3,CONSTRUCCIÓN DE PAVIMENTO HIDRÁULICO EN CARRETERA DE ACCESO A LA LOCALIDAD EL ZACATAL,VIAL,EL ZACATAL,07/01/2025,9/28/2025,"$736,554.04",FEDERAL,206,DIRECTA,Concluida,100
4,CONSTRUCCIÓN DE PAVIMENTO HIDRÁULICO EN CARRETERA DE ACCESO A LA LOCALIDAD EL HUALUL,VIAL,EL HUALUL,07/01/2025,9/28/2025,"$737,149.63",FEDERAL,64,DIRECTA,Concluida,100
5,CONSTRUCCIÓN DE PAVIMENTO HIDRÁULICO EN CARRETERA DE ACCESO A LA LOCALIDAD LA SIERRITA,VIAL,LA SIERRITA,07/01/2025,9/28/2025,"$736,146.52",FEDERAL,44,DIRECTA,Concluida,100
6,CONSTRUCCIÓN DE PAVIMENTO HIDRÁULICO EN CARRETERA DE ACCESO A LA LOCALIDAD EL LIMONCITO,VIAL,EL LIMONCITO,07/01/2025,9/28/2025,"$654,445.22",FEDERAL,88,DIRECTA,Concluida,100
7,CONSTRUCCIÓN DE PAVIMENTO HIDRÁULICO EN LA LOCALIDAD DE AMIXCO,VIAL,AMIXCO,07/01/2025,9/28/2025,"$719,229.70",FEDERAL,41,DIRECTA,Concluida,100
8,CONSTRUCCIÓN DE PAVIMENTO HIDRÁULICO EN CARRETERA DE ACCESO A LA LOCALIDAD EL PESCADO,VIAL,EL PESCADO,07/01/2025,9/28/2025,"$719,249.09",FEDERAL,111,DIRECTA,Concluida,100
9,REHABILITACIÓN DE PAVIMENTO HIDRÁULICO EN LA LOCALIDAD REFORMA DE PALO SEMITA,VIAL,REFORMA DE PALO SEMITA,07/01/2025,9/28/2025,"$619,040.64",FEDERAL,52,DIRECTA,Concluida,100
10,"CONSTRUCCIÓN DE PAVIMENTO HIDRÁULICO EN LA LOCALIDAD DE CHAPULHUACÁN, COLONIA LA CRUZ BLANCA",VIAL,"CHAPULHUACÁN, COLONIA LA CRUZ BLANCA",07/01/2025,9/28/2025,"$787,012.39",FEDERAL,4143,DIRECTA,Concluida,100
11,CONSTRUCCIÓN DE PAVIMENTO HIDRÁULICO EN CARRETERA DE ACCESO A LA LOCALIDAD DE AHUAYO,VIAL,AHUAYO,07/01/2025,9/28/2025,"$733,598.91",FEDERAL,228,DIRECTA,Concluida,100
12,CONSTRUCCIÓN DE PAVIMENTO HIDRÁULICO EN LA LOCALIDAD DE MIAHUATLA,VIAL,MIAHUATLA,07/01/2025,9/28/2025,"$753,660.67",FEDERAL,39,DIRECTA,Concluida,100
13,CONSTRUCCIÓN DE PAVIMENTO HIDRÁULICO EN CARRETERA DE ACCESO A LA LOCALIDAD PUERTO DEL AMOLAR,VIAL,PUERTO DEL AMOLAR,07/01/2025,9/28/2025,"$719,227.05",FEDERAL,32,DIRECTA,Concluida,100
14,CONSTRUCCIÓN DE PAVIMENTO HIDRÁULICO EN CARRETERA DE ACCESO A LA LOCALIDAD LA CEIBITA,VIAL,LA CEIBITA,07/01/2025,9/28/2025,"$722,055.39",FEDERAL,108,DIRECTA,Concluida,100
15,CONSTRUCCIÓN DE PAVIMENTO HIDRÁULICO EN CARRETERA DE ACCESO A LA LOCALIDAD OJO DE AGUA BO. ARRIVA,VIAL,OJO DE AGUA BO. ARRIBA,07/01/2025,9/28/2025,"$660,476.22",FEDERAL,142,DIRECTA,Concluida,100
16,"CONSTRUCCIÓN DE PAVIMENTO HIDRÁULICO EN CARRETERA DE ACCESO A LA LOCALIDAD EL OCOTE, BO. EL CLARÍN",VIAL,"EL OCOTE, BO. EL CLARÍN",07/01/2025,9/28/2025,"$521,986.94",FEDERAL,158,DIRECTA,Concluida,100
17,CONSTRUCCIÓN DE PAVIMENTO HIDRÁULICO EN CARRETERA DE ACCESO A LA LOCALIDAD LA PIEDRA,VIAL,LA PIEDRA,07/01/2025,9/28/2025,"$886,535.85",FEDERAL,179,DIRECTA,Concluida,100
18,"REHABILITACIÓN DE PAVIMENTO HIDRÁULICO EN LA LOCALIDAD DE CHAPULHUACÁN, BO. EL CHORRITO",VIAL,"CHAPULHUACÁN, BO. EL CHORRITO",07/01/2025,9/28/2025,"$792,172.03",FEDERAL,120,DIRECTA,Concluida,100
19,CONSTRUCCIÓN DE ANDADOR EN LA LOCALIDAD CARRIZAL DE TENANGO,VIAL,CARRIZAL DE TENANGO,07/01/2025,9/28/2025,"$319,854.71",FEDERAL,98,DIRECTA,Concluida,100
20,REHABILITACIÓN DE PAVIMENTO HIDRÁULICO EN CARRETERA DE ACCESO A LA LOCALIDAD EL ÁLAMO,VIAL,EL ÁLAMO,07/01/2025,9/28/2025,"$698,839.51",FEDERAL,72,DIRECTA,Concluida,100
21,"CONSTRUCCIÓN DE ANDADOR EN LA LOCALIDAD DE CHAPULHUACÁN, BO. SAN JÓSE",VIAL,"CHAPULHUACÁN, BO. SAN JOSÉ",07/01/2025,9/28/2025,"$101,630.64",FEDERAL,80,DIRECTA,Concluida,100
22,"CONSTRUCCIÓN DE MURO DE CONTENCIÓN EN LA LOCALIDAD DE CHAPULHUACÁN, BO. PUERTO DE LA CRUZ VERDE",CONTENCIÓN,"CHAPULHUACÁN, BO. LA CRUZ VERDE",07/01/2025,9/28/2025,"$528,501.16",FEDERAL,50,DIRECTA,Concluida,100
23,CONSTRUCCIÓN DE PAVIMENTO HIDRÁULICO EN CARRETERA DE ACCESO A LA LOCALIDAD EL SÓTANO,VIAL,EL SÓTANO,07/01/2025,9/28/2025,"$856,069.13",FEDERAL,277,DIRECTA,Concluida,100
24,CONSTRUCCIÓN DE PAVIMENTO HIDRÁULICO EN CARRETERA DE ACCESO A LA LOCALIDAD DE PALO SEMITA,VIAL,PALO SEMITA,07/01/2025,9/28/2025,"$866,056.49",FEDERAL,527,DIRECTA,Concluida,100
25,CONSTRUCCIÓN DE PAVIMENTO HIDRÁULICO EN LA LOCALIDAD LAS MINAS,VIAL,LAS MINAS,07/01/2025,9/28/2025,"$609,471.93",FEDERAL,58,DIRECTA,Concluida,100
26,CONSTRUCCIÓN DE DRENAJE PLUVIAL EN LA LOCALIDAD DE PUERTO OBSCURO,SANITARIA,PUERTO OBSCURO,07/01/2025,9/28/2025,"$816,897.16",FEDERAL,138,DIRECTA,Concluida,100
27,CONSTRUCCIÓN DE DRENAJE PLUVIAL EN LA LOCALIDAD DE HUATEPANGO,PLUVIAL,HUATEPANGO,07/01/2025,9/28/2025,"$458,868.52",FEDERAL,82,DIRECTA,Concluida,100
28,CONSTRUCCIÓN DE ANDADORES EN LA LOCALIDAD DE PALOMAS,VIAL,PALOMAS,07/01/2025,9/28/2025,"$444,698.28",FEDERAL,455,DIRECTA,Concluida,100
29,CONSTRUCCIÓN DE PAVIMENTO HIDRÁULICO EN CARRETERA DE ACCESO A LA LOCALIDAD EL CAMPANARIO,VIAL,EL CAMPANARIO,07/01/2025,9/28/2025,"$885,523.35",FEDERAL,36,DIRECTA,Concluida,100
30,CONSTRUCCIÓN DE PAVIMENTO HIDRÁULICO EN LA LOCALIDAD DE LA ESCONDIDA,VIAL,LA ESCONDIDA,07/01/2025,9/28/2025,"$590,384.12",FEDERAL,227,DIRECTA,Concluida,100
31,CONSTRUCCIÓN DE PAVIMENTO HIDRÁULICO EN CARRETERA DE ACCESO A LA LOCALIDAD OJO DE AGUA BO. ABAJO,VIAL,OJO DE AGUA BO. ABAJO,07/01/2025,9/28/2025,"$573,646.04",FEDERAL,188,DIRECTA,Concluida,100
32,REHABILITACIÓN DE DRENAJE SANITARIO EN LA LOCALIDAD DE SANTA ANA DE ALLENDE,SANITARIA,SANTA ANA DE ALLENDE,07/01/2025,9/28/2025,"$805,323.77",FEDERAL,118,DIRECTA,Concluida,100
33,CONSTRUCCIÓN DE DRENAJE PLUVIAL EN LA LOCALIDAD EL BARRIO,PLUVIAL,EL BARRIO,07/01/2025,9/28/2025,"$785,631.55",FEDERAL,124,DIRECTA,Concluida,100
34,CONSTRUCCIÓN DE TECHADO EN ÁREA DE IMPARTICIÓN DE EDUCACIÓN FÍSICA EN LA LOCALIDAD DE LAS CIRUELAS,EDUCATIVA,LAS CIRUELAS,07/01/2025,9/28/2025,"$2,055,581.48",FEDERAL,31,DIRECTA,Concluida,100
35,REHABILITACIÓN DE DRENAJE SANITARIO EN LA LOCALIDAD DE SANTA MARIA DE ALAMOS,SANITARIA,SANTA MARIA DE ALAMOS,07/01/2025,9/28/2025,"$854,285.89",FEDERAL,142,DIRECTA,Concluida,100
36,"CONSTRUCCIÓN DE DRENAJE PLUVIAL EN LA LOCALIDAD DE CHAPULHUACÁN, COLONIA EL PEDREGAL",PLUVIAL,"CHAPULHUACÁN, COLONIA EL PEDREGAL",12/15/2026,3/15/2026,"$556,983.07",FEDERAL,787,DIRECTA,Concluida,100
37,CONSTRUCCIÓN DE PAVIMENTO HIDRÁULICO EN CARRETERA DE ACCESO A LA LOCALIDAD LA GUAYABA,VIAL,LA GUAYABA,12/15/2026,3/15/2026,"$805,711.92",FEDERAL,18,DIRECTA,Concluida,100
38,CONSTRUCCIÓN DE CUARTO DORMITORIO EN LA LOCALIDAD EL AMOLAR,EDIFICIÓN,EL AMOLAR,12/15/2026,3/15/2026,"$186,357.75",FEDERAL,1,DIRECTA,Concluida,100
39,CONSTRUCCIÓN DE TANQUE DE ALMACENAMIENTO DE AGUA POTABLE EN LA LOCALIDAD DE PARED GRUESA,HIDRÁULCA,PARED GRUESA,12/15/2026,3/15/2026,"$608,039.51",FEDERAL,165,DIRECTA,Concluida,100
40,REHABILITACIÓN DE LÍNEA DE CONDUCCIÓN DE AGUA POTABLE EN LA LOCALIDAD EL SABINO,HIDRÁULCA,EL SABINO,12/15/2026,3/15/2026,"$528,337.47",FEDERAL,60,DIRECTA,Concluida,100
41,APERTURA DE CAMINO RURAL PARA ACCESO A TELEBACHILLERATO CCT 13ETK0034J EN LA LOCALIDAD EL COYOL,VIAL,EL COYOL,12/15/2026,3/15/2026,"$1,114,733.46",FEDERAL,42,DIRECTA,Concluida,100
42,APERTURA DE CAMINO RURAL PARA ACCESO A LA LOCALIDAD DE RANCHO NUEVO (PUERTO DEL GALLO),VIAL,RANCHO NUEVO (PUERTO DEL GALLO),12/15/2026,3/15/2026,"$1,246,455.74",FEDERAL,21,DIRECTA,Concluida,100
43,REHABILITACIÓN DE CANCHA DE USOS MÚLTIPLES EN LA LOCALIDAD LA ESTANCIA,URBANIZACIÓN,LA ESTANCIA,12/23/2025,3/23/2026,"$595,510.39",FEDERAL,149,DIRECTA,Concluida,100
44,CONSTRUCCIÓN DE TANQUE DE ALMACENAMIENTO DE AGUA POTABLE EN LA LOCALIDAD DE LA HONDURA,HIDRÁULCA,LA HONDURA,12/15/2026,3/15/2026,"$664,929.39",FEDERAL,131,DIRECTA,Concluida,100
45,CONSTRUCCIÓN DE PAVIMENTO HIDRAULICO EN LA LOCALIDAD ARROYO BLANCO,VIAL,ARROYO BLANCO,01/05/2026,3/30/2026,"$726,102.79",FEDERAL,256,DIRECTA,Concluida,100
46,"REHABILITACIÓN DE PAVIMENTO HIDRÁULICO EN LA LOCALIDAD DE CHAPULHUACÁN, BO. EL CARACOL",VIAL,"CHAPULHUACÁN, BO. EL CARACOL",SIN ESPECIFICAR,3/23/2026,"$552,007.91",FEDERAL,4143,DIRECTA,En proceso,70
47,"REHABILITACIÓN DE DRENAJE SANITARIO EN LA LOCALIDAD DE CHAPULHUACÁN, COLONIA CENTRO",SANITARIA,"CHAPULHUACÁN, COLONIA CENTRO",SIN ESPECIFICAR,3/29/2026,"$603,564.87",FEDERAL,81,DIRECTA,En proceso,70
48,"REHABILITACIÓN DE DRENAJE SANITARIO EN LA LOCALIDAD DE CHAPULHUACÁN, BO. LA CARBONERA",SANITARIA,"CHAPULHUACÁN, BO. LA CARBONERA",SIN ESPECIFICAR,3/29/2026,"$754,266.74",FEDERAL,65,DIRECTA,En proceso,70
49,REHABILITACIÓN DE CANCHA DE USOS MÚLTIPLES EN LA LOCALIDAD DE ZACATE GRANDE,URBANIZACIÓN,ZACATE GRANDE,SIN ESPECIFICAR,3/23/2026,"$636,003.29",FEDERAL,571,DIRECTA,En proceso,80
50,"REHABILITACIÓN DE ANDADOR EN LA LOCALIDAD DE CHAPULHUACÁN, COLONIA NUEVO PORVENIR",VIAL,"CHAPULHUACÁN, COLONIA NUEVO PORVENIR",SIN ESPECIFICAR,3/29/2026,"$284,549.87",FEDERAL,4143,DIRECTA,En proceso,80
51,CONSTRUCCIÓN DE TANQUE DE ALMACENAMIENTO DE AGUA POTABLE EN LA LOCALIDAD DE PALO VERDE,HIDRÁULCA,PALO VERDE,SIN ESPECIFICAR,3/29/2026,"$1,076,130.35",FEDERAL,306,DIRECTA,En proceso,90
52,CONSTRUCCIÓN DE TANQUE DE ALMACENAMIENTO DE AGUA POTABLE EN LA LOCALIDAD DE LA LOMA,HIDRÁULCA,LA LOMA,SIN ESPECIFICAR,3/23/2026,"$417,092.13",FEDERAL,70,DIRECTA,En proceso,80
53,CONSTRUCCIÓN DE TANQUE DE ALMACENAMIENTO DE AGUA POTABLE EN LA LOCALIDAD DE LA CEIBA,HIDRÁULCA,LA CEIBA,SIN ESPECIFICAR,3/29/2026,"$658,305.94",FEDERAL,80,DIRECTA,En proceso,70
54,"CONSTRUCCIÓN DE TANQUE DE ALMACENAMIENTO DE AGUA POTABLE EN LA LOCALIDAD DE CHAPULHUACÁN, BO. SAN FRANCISCO",HIDRÁULCA,"CHAPULHUACÁN, BO. SAN FRANCISCO",SIN ESPECIFICAR,3/29/2026,"$633,947.63",FEDERAL,4143,DIRECTA,En proceso,80
55,"CONSTRUCCIÓN DE TANQUE DE ALMACENAMIENTO DE AGUA POTABLE EN LA LOCALIDAD DE CHAPULHUACÁN, BO. NUEVO PROGRESO",HIDRÁULCA,"CHAPULHUACÁN, BO. NUEVO PROGRESO",SIN ESPECIFICAR,3/23/2026,"$668,268.43",FEDERAL,4143,DIRECTA,En proceso,90
56,"CONSTRUCCIÓN DE TANQUE DE ALMACENAMIENTO DE AGUA POTABLE EN LA LOCALIDAD DE CHAPULHUACÁN, BO. AGUACATILLO 1",HIDRÁULCA,"CHAPULHUACÁN, BO. AGUACATILLO 1",SIN ESPECIFICAR,3/23/2026,"$663,359.17",FEDERAL,4143,DIRECTA,En proceso,80
57,CONSTRUCCIÓN DE PAVIMENTO HIDRAULICO EN LA LOCALIDAD EL OCOTE,VIAL,EL OCOTE,SIN ESPECIFICAR,3/30/2026,"$773,994.12",FEDERAL,158,DIRECTA,En proceso,90
58,"CONSTRUCCIÓN DE PAVIMENTO HIDRÁULICO EN LA LOCALIDAD DE CHAPULHUACÁN, COLONIA EL PEDREGAL",VIAL,"CHAPULHUACÁN, COLONIA EL PEDREGAL",SIN ESPECIFICAR,3/23/2026,"$564,692.56",FEDERAL,4143,DIRECTA,En proceso,80
59,CONSTRUCCIÓN DE PAVIMENTO HIDRÁULICO EN CARRETERA DE ACCESO A LA LOCALIDAD DE CAHUAZAS,VIAL,CAHUAZAS,SIN ESPECIFICAR,3/30/2026,"$3,225,285.99",FEDERAL,705,DIRECTA,En proceso,80
60,CONSTRUCCIÓN DE MURO DE CONTENCIÓN EN LA LOCALIDAD DE SOLEDAD DEL COYOL,CONTENCIÓN,SOLEDAD DEL COYOL,SIN ESPECIFICAR,3/26/2026,"$1,711,356.79",FEDERAL,450,DIRECTA,En proceso,80
61,CONSTRUCCIÓN DE PAVIMENTO HIDRÁULICO EN CARRETERA DE ACCESO ALA LOCALIDAD DE SAUCILLO,,,SIN ESPECIFICAR,SIN ESPECIFICAR,0,ESTATAL,347,SIN ESPECIFICAR,En gestión,0
62,CONSTRUCCIÓN DE PAVIMENTO HIDRÁULICO EN CARRETERA DE ACCESO A LA LOCALIDAD EL COYOL,,,SIN ESPECIFICAR,SIN ESPECIFICAR,0,ESTATAL,500,SIN ESPECIFICAR,En gestión,0
63,CONSTRUCCIÓN DE PAVIMENTO HIDRÁULICO EN CARRETERA DE ACCESO A LA LOCALIDAD DE TOCAPA,,,SIN ESPECIFICAR,SIN ESPECIFICAR,0,ESTATAL,320,SIN ESPECIFICAR,En gestión,0
64,CONSTRUCCIÓN DE PAVIMENTO HIDRÁULICO EN CARRETERA DE ACCESO A LA LOCALIDAD DE LA PIEDRA,,,SIN ESPECIFICAR,SIN ESPECIFICAR,0,ESTATAL,259,SIN ESPECIFICAR,En gestión,0
65,CONSTRUCCIÓN DE PAVIMENTO HIDRÁULICO EN CARRETERA DE ACCESO A LOCALIDAD DE ARROYO BLANCO,,,SIN ESPECIFICAR,SIN ESPECIFICAR,0,ESTATAL,400,SIN ESPECIFICAR,En gestión,0
66,CONSTRUCCIÓN DE PAVIMENTO HIDRÁULICO EN CARRETERA DE ACCESO A LA LOCALIDAD DE LAS MINAS,,,SIN ESPECIFICAR,SIN ESPECIFICAR,0,ESTATAL,300,SIN ESPECIFICAR,En gestión,0
67,CONSTRUCCIÓN DE PAVIMENTO HIDRÁULICO EN CARRETERA DE ACCESO A LA LOCALIDAD DE AHUAYO,,,SIN ESPECIFICAR,SIN ESPECIFICAR,0,ESTATAL,250,SIN ESPECIFICAR,En gestión,0
68,CONSTRUCCIÓN DE PAVIMENTO HIDRÁULICO EN CARRETERA DE ACCESO A LA LOCALIDAD DE TETLALPAN,,,SIN ESPECIFICAR,SIN ESPECIFICAR,0,ESTATAL,1500,SIN ESPECIFICAR,En gestión,0
69,CONSTRUCCIÓN DE PAVIMENTO HIDRÁULICO EN CARRETERA DE ACCESO A A LA LOCALIDAD DE TENANGO,,,SIN ESPECIFICAR,SIN ESPECIFICAR,0,ESTATAL,425,SIN ESPECIFICAR,En gestión,0
70,CONSTRUCCIÓN DE PAVIMENTO HIDRÁULICO EN CARRETERA DE ACCESO A LA LOCALIDAD DE LA ESCONDIDA,,,SIN ESPECIFICAR,SIN ESPECIFICAR,0,ESTATAL,240,SIN ESPECIFICAR,En gestión,0
71,"REMODELACIÓN DE PARQUE EN COMUNIDAD INDIGENA EN LA REGIÓN DE LA SIERRA GORDA, BENEFICIANDO A LA LOCALIDAD EL BARRIO (BARRIO DEL CARMEN), MUNICIPIO DE CHAPULHUACÁN",,,SIN ESPECIFICAR,SIN ESPECIFICAR,"$1,510,865.41",ESTATAL,0,SIN ESPECIFICAR,En gestión,0
72,"CONSTRUCCIÓN DE PAVIMENTO HIDRÁULICO EN CALLE DE ACCESO A LA LOCALIDAD NUEVO PORVENIR, EN EL MUNICIPIO DE CHAPULHUACÁN",,,SIN ESPECIFICAR,SIN ESPECIFICAR,"$9,311,402.14",ESTATAL,0,SIN ESPECIFICAR,En gestión,0
